317,"2020-04-05",,15000,21,"{""customer_name"":""Nero Kofi"",""customer_phone"":""0813234444444""}",false
323,"2020-04-05",,5000,22,"{""customer_name"":""Rukky Kofi"",""customer_phone"":""081234567891""}",false
329,"2020-04-05",,6000,23,"{""customer_name"":""Nero Kofi"",""customer_phone"":""0813234444444""}",false
333,"2020-04-05",,10000,24,"{""customer_name"":""Rukky Kofi"",""customer_phone"":""081234567891""}",false
337,"2020-04-05",,6000,25,"{""customer_name"":""Rukky Kofi"",""customer_phone"":""081234567891""}",false
368,"2020-04-05",,5000,26,"{""customer_name"":""Rukky Kofi"",""customer_phone"":""081234567891""}",false
374,"2020-04-05",,5000,27,"{""customer_name"":""Rukky Kofi"",""customer_phone"":""081234567891""}",false
378,"2020-04-05",,10000,28,"{""customer_name"":""Nero Kofi"",""customer_phone"":""0813234444444""}",false
382,"2020-04-05",,5000,29,"{""customer_name"":""Nero Kofi"",""customer_phone"":""0813234444444""}",false
388,"2020-04-05",,5000,30,"{""customer_name"":""Nero Kofi"",""customer_phone"":""0813234444444""}",false
392,"2020-04-05",,10000,31,"{""customer_name"":""Rukky Kofi"",""customer_phone"":""081234567891""}",false
423,"2020-04-05",,5000,32,"{""customer_name"":""Rukky Kofi"",""customer_phone"":""081234567891""}",false
429,"2020-04-05",,5000,33,"{""customer_name"":""Nero Kofi"",""customer_phone"":""0813234444444""}",false
460,"2020-04-05",,10000,34,"{""customer_name"":""Nero Kofi"",""customer_phone"":""0813234444444""}",false
491,"2020-04-05",,15000,35,"{""customer_name"":""Nero Kofi"",""customer_phone"":""0813234444444""}",false
497,"2020-04-05",,6000,36,"{""customer_name"":""Rukky Kofi"",""customer_phone"":""081234567891""}",false
501,"2020-04-05",,5000,37,"{""customer_name"":""Rukky Kofi"",""customer_phone"":""081234567891""}",false
505,"2020-04-05",,15000,38,"{""customer_name"":""Rukky Kofi"",""customer_phone"":""081234567891""}",false
509,"2020-04-05",,6000,39,"{""customer_name"":""Rukky Kofi"",""customer_phone"":""081234567891""}",false
540,"2020-04-05",,6000,40,"{""customer_name"":""Nero Kofi"",""customer_phone"":""0813234444444""}",false
571,"2020-04-05",,5000,41,"{""customer_name"":""Nero Kofi"",""customer_phone"":""0813234444444""}",false
575,"2020-04-05",,15000,42,"{""customer_name"":""Nero Kofi"",""customer_phone"":""0813234444444""}",false
581,"2020-04-05",,6000,43,"{""customer_name"":""Rukky Kofi"",""customer_phone"":""081234567891""}",false
612,"2020-04-05",,6000,44,"{""customer_name"":""Nero Kofi"",""customer_phone"":""0813234444444""}",false
618,"2020-04-05",,6000,45,"{""customer_name"":""Rukky Kofi"",""customer_phone"":""081234567891""}",false
624,"2020-04-05",,6000,46,"{""customer_name"":""Nero Kofi"",""customer_phone"":""0813234444444""}",false
655,"2020-04-05",,10000,47,"{""customer_name"":""Nero Kofi"",""customer_phone"":""0813234444444""}",false
661,"2020-04-05",,6000,48,"{""customer_name"":""Nero Kofi"",""customer_phone"":""0813234444444""}",false
692,"2020-04-05",,6000,49,"{""customer_name"":""Rukky Kofi"",""customer_phone"":""081234567891""}",false
698,"2020-04-05",,15000,50,"{""customer_name"":""Nero Kofi"",""customer_phone"":""0813234444444""}",false
1,"2020-03-30","2020-04-02",5000,1,"{""customer_name"":""Nero Kofi"",""customer_phone"":""0813234444444""}",true
2,"2020-03-25","2020-03-28",5000,1,"{""customer_name"":""Nero Kofi"",""customer_phone"":""0813234444444""}",true
3,"2020-03-19","2020-03-22",5000,1,"{""customer_name"":""Nero Kofi"",""customer_phone"":""0813234444444""}",true
4,"2020-03-12","2020-03-16",5000,1,"{""customer_name"":""Rukky Kofi"",""customer_phone"":""081234567891""}",true
5,"2020-03-07","2020-03-09",5000,1,"{""customer_name"":""Nero Kofi"",""customer_phone"":""0813234444444""}",true
6,"2020-02-28","2020-03-03",5000,1,"{""customer_name"":""Rukky Kofi"",""customer_phone"":""081234567891""}",true
7,"2020-02-22","2020-02-24",5000,1,"{""customer_name"":""Rukky Kofi"",""customer_phone"":""081234567891""}",true
8,"2020-02-16","2020-02-19",5000,1,"{""customer_name"":""Nero Kofi"",""customer_phone"":""0813234444444""}",true
9,"2020-02-10","2020-02-13",5000,1,"{""customer_name"":""Rukky Kofi"",""customer_phone"":""081234567891""}",true
10,"2020-02-03","2020-02-06",5000,1,"{""customer_name"":""Rukky Kofi"",""customer_phone"":""081234567891""}",true
11,"2020-01-28","2020-01-30",5000,1,"{""customer_name"":""Rukky Kofi"",""customer_phone"":""081234567891""}",true
12,"2020-01-24","2020-01-26",5000,1,"{""customer_name"":""Rukky Kofi"",""customer_phone"":""081234567891""}",true
13,"2020-01-18","2020-01-20",5000,1,"{""customer_name"":""Rukky Kofi"",""customer_phone"":""081234567891""}",true
14,"2020-01-11","2020-01-14",5000,1,"{""customer_name"":""Rukky Kofi"",""customer_phone"":""081234567891""}",true
15,"2020-01-06","2020-01-08",5000,1,"{""customer_name"":""Nero Kofi"",""customer_phone"":""0813234444444""}",true
16,"2019-12-31","2020-01-03",5000,1,"{""customer_name"":""Nero Kofi"",""customer_phone"":""0813234444444""}",true
17,"2019-12-25","2019-12-28",5000,1,"{""customer_name"":""Rukky Kofi"",""customer_phone"":""081234567891""}",true
18,"2019-12-19","2019-12-22",5000,1,"{""customer_name"":""Rukky Kofi"",""customer_phone"":""081234567891""}",true
19,"2019-12-14","2019-12-17",5000,1,"{""customer_name"":""Rukky Kofi"",""customer_phone"":""081234567891""}",true
20,"2019-12-07","2019-12-10",5000,1,"{""customer_name"":""Nero Kofi"",""customer_phone"":""0813234444444""}",true
21,"2019-11-30","2019-12-03",5000,1,"{""customer_name"":""Nero Kofi"",""customer_phone"":""0813234444444""}",true
22,"2019-11-25","2019-11-27",5000,1,"{""customer_name"":""Rukky Kofi"",""customer_phone"":""081234567891""}",true
23,"2019-11-20","2019-11-22",5000,1,"{""customer_name"":""Rukky Kofi"",""customer_phone"":""081234567891""}",true
24,"2019-11-14","2019-11-17",5000,1,"{""customer_name"":""Nero Kofi"",""customer_phone"":""0813234444444""}",true
25,"2019-11-08","2019-11-11",5000,1,"{""customer_name"":""Rukky Kofi"",""customer_phone"":""081234567891""}",true
26,"2019-11-01","2019-11-05",5000,1,"{""customer_name"":""Rukky Kofi"",""customer_phone"":""081234567891""}",true
27,"2019-10-26","2019-10-30",5000,1,"{""customer_name"":""Rukky Kofi"",""customer_phone"":""081234567891""}",true
28,"2019-10-20","2019-10-23",5000,1,"{""customer_name"":""Nero Kofi"",""customer_phone"":""0813234444444""}",true
29,"2019-10-14","2019-10-16",5000,1,"{""customer_name"":""Nero Kofi"",""customer_phone"":""0813234444444""}",true
30,"2019-10-09","2019-10-12",5000,1,"{""customer_name"":""Rukky Kofi"",""customer_phone"":""081234567891""}",true
31,"2020-03-30","2020-04-02",15000,2,"{""customer_name"":""Rukky Kofi"",""customer_phone"":""081234567891""}",true
32,"2020-03-24","2020-03-27",15000,2,"{""customer_name"":""Nero Kofi"",""customer_phone"":""0813234444444""}",true
33,"2020-03-19","2020-03-21",15000,2,"{""customer_name"":""Nero Kofi"",""customer_phone"":""0813234444444""}",true
34,"2020-03-13","2020-03-15",15000,2,"{""customer_name"":""Nero Kofi"",""customer_phone"":""0813234444444""}",true
35,"2020-03-07","2020-03-11",15000,2,"{""customer_name"":""Nero Kofi"",""customer_phone"":""0813234444444""}",true
36,"2020-02-28","2020-03-03",15000,2,"{""customer_name"":""Nero Kofi"",""customer_phone"":""0813234444444""}",true
37,"2020-02-23","2020-02-26",15000,2,"{""customer_name"":""Nero Kofi"",""customer_phone"":""0813234444444""}",true
38,"2020-02-17","2020-02-21",15000,2,"{""customer_name"":""Rukky Kofi"",""customer_phone"":""081234567891""}",true
39,"2020-02-09","2020-02-13",15000,2,"{""customer_name"":""Rukky Kofi"",""customer_phone"":""081234567891""}",true
40,"2020-02-02","2020-02-06",15000,2,"{""customer_name"":""Rukky Kofi"",""customer_phone"":""081234567891""}",true
41,"2020-01-28","2020-01-30",15000,2,"{""customer_name"":""Rukky Kofi"",""customer_phone"":""081234567891""}",true
42,"2020-01-24","2020-01-26",15000,2,"{""customer_name"":""Rukky Kofi"",""customer_phone"":""081234567891""}",true
43,"2020-01-20","2020-01-22",15000,2,"{""customer_name"":""Nero Kofi"",""customer_phone"":""0813234444444""}",true
44,"2020-01-15","2020-01-17",15000,2,"{""customer_name"":""Nero Kofi"",""customer_phone"":""0813234444444""}",true
45,"2020-01-09","2020-01-12",15000,2,"{""customer_name"":""Nero Kofi"",""customer_phone"":""0813234444444""}",true
46,"2020-01-04","2020-01-07",15000,2,"{""customer_name"":""Nero Kofi"",""customer_phone"":""0813234444444""}",true
47,"2019-12-29","2020-01-01",15000,2,"{""customer_name"":""Nero Kofi"",""customer_phone"":""0813234444444""}",true
48,"2019-12-23","2019-12-25",15000,2,"{""customer_name"":""Nero Kofi"",""customer_phone"":""0813234444444""}",true
49,"2019-12-16","2019-12-20",15000,2,"{""customer_name"":""Nero Kofi"",""customer_phone"":""0813234444444""}",true
50,"2019-12-12","2019-12-14",15000,2,"{""customer_name"":""Nero Kofi"",""customer_phone"":""0813234444444""}",true
51,"2019-12-07","2019-12-10",15000,2,"{""customer_name"":""Rukky Kofi"",""customer_phone"":""081234567891""}",true
52,"2019-12-02","2019-12-05",15000,2,"{""customer_name"":""Rukky Kofi"",""customer_phone"":""081234567891""}",true
53,"2019-11-25","2019-11-28",15000,2,"{""customer_name"":""Nero Kofi"",""customer_phone"":""0813234444444""}",true
54,"2019-11-17","2019-11-21",15000,2,"{""customer_name"":""Rukky Kofi"",""customer_phone"":""081234567891""}",true
55,"2019-11-13","2019-11-15",15000,2,"{""customer_name"":""Rukky Kofi"",""customer_phone"":""081234567891""}",true
56,"2019-11-05","2019-11-09",15000,2,"{""customer_name"":""Nero Kofi"",""customer_phone"":""0813234444444""}",true
57,"2019-10-28","2019-11-01",15000,2,"{""customer_name"":""Rukky Kofi"",""customer_phone"":""081234567891""}",true
58,"2019-10-21","2019-10-24",15000,2,"{""customer_name"":""Rukky Kofi"",""customer_phone"":""081234567891""}",true
59,"2019-10-13","2019-10-17",15000,2,"{""customer_name"":""Nero Kofi"",""customer_phone"":""0813234444444""}",true
60,"2019-10-06","2019-10-10",15000,2,"{""customer_name"":""Nero Kofi"",""customer_phone"":""0813234444444""}",true
61,"2020-03-31","2020-04-02",6000,3,"{""customer_name"":""Nero Kofi"",""customer_phone"":""0813234444444""}",true
62,"2020-03-24","2020-03-27",6000,3,"{""customer_name"":""Rukky Kofi"",""customer_phone"":""081234567891""}",true
63,"2020-03-19","2020-03-21",6000,3,"{""customer_name"":""Rukky Kofi"",""customer_phone"":""081234567891""}",true
64,"2020-03-13","2020-03-16",6000,3,"{""customer_name"":""Nero Kofi"",""customer_phone"":""0813234444444""}",true
65,"2020-03-05","2020-03-09",6000,3,"{""customer_name"":""Nero Kofi"",""customer_phone"":""0813234444444""}",true
66,"2020-03-30","2020-04-03",6000,4,"{""customer_name"":""Nero Kofi"",""customer_phone"":""0813234444444""}",true
67,"2020-03-24","2020-03-27",6000,4,"{""customer_name"":""Nero Kofi"",""customer_phone"":""0813234444444""}",true
68,"2020-03-17","2020-03-21",6000,4,"{""customer_name"":""Rukky Kofi"",""customer_phone"":""081234567891""}",true
69,"2020-04-01","2020-04-03",5000,5,"{""customer_name"":""Rukky Kofi"",""customer_phone"":""081234567891""}",true
70,"2020-03-26","2020-03-30",5000,5,"{""customer_name"":""Nero Kofi"",""customer_phone"":""0813234444444""}",true
71,"2020-03-21","2020-03-24",5000,5,"{""customer_name"":""Nero Kofi"",""customer_phone"":""0813234444444""}",true
72,"2020-03-17","2020-03-19",5000,5,"{""customer_name"":""Rukky Kofi"",""customer_phone"":""081234567891""}",true
73,"2020-03-11","2020-03-14",5000,5,"{""customer_name"":""Rukky Kofi"",""customer_phone"":""081234567891""}",true
74,"2020-03-07","2020-03-09",5000,5,"{""customer_name"":""Nero Kofi"",""customer_phone"":""0813234444444""}",true
75,"2020-03-01","2020-03-05",5000,5,"{""customer_name"":""Nero Kofi"",""customer_phone"":""0813234444444""}",true
76,"2020-02-22","2020-02-26",5000,5,"{""customer_name"":""Nero Kofi"",""customer_phone"":""0813234444444""}",true
77,"2020-02-15","2020-02-19",5000,5,"{""customer_name"":""Rukky Kofi"",""customer_phone"":""081234567891""}",true
78,"2020-02-10","2020-02-13",5000,5,"{""customer_name"":""Rukky Kofi"",""customer_phone"":""081234567891""}",true
79,"2020-02-04","2020-02-06",5000,5,"{""customer_name"":""Rukky Kofi"",""customer_phone"":""081234567891""}",true
80,"2020-01-28","2020-01-31",5000,5,"{""customer_name"":""Nero Kofi"",""customer_phone"":""0813234444444""}",true
81,"2020-01-20","2020-01-24",5000,5,"{""customer_name"":""Nero Kofi"",""customer_phone"":""0813234444444""}",true
82,"2020-01-14","2020-01-17",5000,5,"{""customer_name"":""Rukky Kofi"",""customer_phone"":""081234567891""}",true
83,"2020-01-08","2020-01-11",5000,5,"{""customer_name"":""Rukky Kofi"",""customer_phone"":""081234567891""}",true
84,"2020-01-04","2020-01-06",5000,5,"{""customer_name"":""Rukky Kofi"",""customer_phone"":""081234567891""}",true
85,"2019-12-29","2019-12-31",5000,5,"{""customer_name"":""Nero Kofi"",""customer_phone"":""0813234444444""}",true
86,"2019-12-25","2019-12-27",5000,5,"{""customer_name"":""Rukky Kofi"",""customer_phone"":""081234567891""}",true
87,"2019-12-17","2019-12-21",5000,5,"{""customer_name"":""Nero Kofi"",""customer_phone"":""0813234444444""}",true
88,"2019-12-13","2019-12-15",5000,5,"{""customer_name"":""Nero Kofi"",""customer_phone"":""0813234444444""}",true
89,"2019-12-07","2019-12-11",5000,5,"{""customer_name"":""Rukky Kofi"",""customer_phone"":""081234567891""}",true
90,"2019-12-02","2019-12-05",5000,5,"{""customer_name"":""Nero Kofi"",""customer_phone"":""0813234444444""}",true
91,"2019-11-26","2019-11-28",5000,5,"{""customer_name"":""Nero Kofi"",""customer_phone"":""0813234444444""}",true
92,"2019-11-18","2019-11-22",5000,5,"{""customer_name"":""Rukky Kofi"",""customer_phone"":""081234567891""}",true
93,"2019-11-12","2019-11-14",5000,5,"{""customer_name"":""Nero Kofi"",""customer_phone"":""0813234444444""}",true
94,"2019-11-07","2019-11-09",5000,5,"{""customer_name"":""Rukky Kofi"",""customer_phone"":""081234567891""}",true
95,"2019-11-01","2019-11-05",5000,5,"{""customer_name"":""Rukky Kofi"",""customer_phone"":""081234567891""}",true
96,"2019-10-24","2019-10-28",5000,5,"{""customer_name"":""Rukky Kofi"",""customer_phone"":""081234567891""}",true
97,"2019-10-18","2019-10-22",5000,5,"{""customer_name"":""Nero Kofi"",""customer_phone"":""0813234444444""}",true
98,"2019-10-13","2019-10-15",5000,5,"{""customer_name"":""Rukky Kofi"",""customer_phone"":""081234567891""}",true
99,"2020-04-01","2020-04-03",6000,6,"{""customer_name"":""Nero Kofi"",""customer_phone"":""0813234444444""}",true
100,"2020-03-25","2020-03-28",6000,6,"{""customer_name"":""Nero Kofi"",""customer_phone"":""0813234444444""}",true
101,"2020-03-19","2020-03-21",6000,6,"{""customer_name"":""Nero Kofi"",""customer_phone"":""0813234444444""}",true
102,"2020-03-11","2020-03-15",6000,6,"{""customer_name"":""Rukky Kofi"",""customer_phone"":""081234567891""}",true
103,"2020-03-06","2020-03-09",6000,6,"{""customer_name"":""Rukky Kofi"",""customer_phone"":""081234567891""}",true
104,"2020-03-31","2020-04-02",15000,7,"{""customer_name"":""Nero Kofi"",""customer_phone"":""0813234444444""}",true
105,"2020-03-23","2020-03-27",15000,7,"{""customer_name"":""Nero Kofi"",""customer_phone"":""0813234444444""}",true
106,"2020-03-17","2020-03-21",15000,7,"{""customer_name"":""Nero Kofi"",""customer_phone"":""0813234444444""}",true
107,"2020-03-12","2020-03-14",15000,7,"{""customer_name"":""Rukky Kofi"",""customer_phone"":""081234567891""}",true
108,"2020-03-06","2020-03-09",15000,7,"{""customer_name"":""Rukky Kofi"",""customer_phone"":""081234567891""}",true
109,"2020-03-01","2020-03-04",15000,7,"{""customer_name"":""Rukky Kofi"",""customer_phone"":""081234567891""}",true
110,"2020-02-25","2020-02-28",15000,7,"{""customer_name"":""Nero Kofi"",""customer_phone"":""0813234444444""}",true
111,"2020-02-19","2020-02-23",15000,7,"{""customer_name"":""Nero Kofi"",""customer_phone"":""0813234444444""}",true
112,"2020-02-11","2020-02-15",15000,7,"{""customer_name"":""Rukky Kofi"",""customer_phone"":""081234567891""}",true
113,"2020-02-06","2020-02-09",15000,7,"{""customer_name"":""Nero Kofi"",""customer_phone"":""0813234444444""}",true
114,"2020-01-30","2020-02-03",15000,7,"{""customer_name"":""Nero Kofi"",""customer_phone"":""0813234444444""}",true
115,"2020-01-26","2020-01-28",15000,7,"{""customer_name"":""Nero Kofi"",""customer_phone"":""0813234444444""}",true
116,"2020-01-18","2020-01-22",15000,7,"{""customer_name"":""Nero Kofi"",""customer_phone"":""0813234444444""}",true
117,"2020-01-10","2020-01-14",15000,7,"{""customer_name"":""Nero Kofi"",""customer_phone"":""0813234444444""}",true
118,"2020-01-05","2020-01-08",15000,7,"{""customer_name"":""Rukky Kofi"",""customer_phone"":""081234567891""}",true
119,"2019-12-31","2020-01-03",15000,7,"{""customer_name"":""Rukky Kofi"",""customer_phone"":""081234567891""}",true
120,"2019-12-25","2019-12-29",15000,7,"{""customer_name"":""Nero Kofi"",""customer_phone"":""0813234444444""}",true
121,"2019-12-19","2019-12-23",15000,7,"{""customer_name"":""Rukky Kofi"",""customer_phone"":""081234567891""}",true
122,"2019-12-14","2019-12-17",15000,7,"{""customer_name"":""Rukky Kofi"",""customer_phone"":""081234567891""}",true
123,"2019-12-10","2019-12-12",15000,7,"{""customer_name"":""Rukky Kofi"",""customer_phone"":""081234567891""}",true
124,"2019-12-04","2019-12-06",15000,7,"{""customer_name"":""Rukky Kofi"",""customer_phone"":""081234567891""}",true
125,"2019-11-29","2019-12-01",15000,7,"{""customer_name"":""Rukky Kofi"",""customer_phone"":""081234567891""}",true
126,"2019-11-23","2019-11-25",15000,7,"{""customer_name"":""Nero Kofi"",""customer_phone"":""0813234444444""}",true
127,"2019-11-16","2019-11-20",15000,7,"{""customer_name"":""Rukky Kofi"",""customer_phone"":""081234567891""}",true
128,"2019-11-11","2019-11-13",15000,7,"{""customer_name"":""Rukky Kofi"",""customer_phone"":""081234567891""}",true
129,"2019-11-06","2019-11-09",15000,7,"{""customer_name"":""Nero Kofi"",""customer_phone"":""0813234444444""}",true
130,"2019-10-30","2019-11-03",15000,7,"{""customer_name"":""Nero Kofi"",""customer_phone"":""0813234444444""}",true
131,"2019-10-25","2019-10-27",15000,7,"{""customer_name"":""Nero Kofi"",""customer_phone"":""0813234444444""}",true
132,"2019-10-20","2019-10-22",15000,7,"{""customer_name"":""Rukky Kofi"",""customer_phone"":""081234567891""}",true
133,"2019-10-13","2019-10-16",15000,7,"{""customer_name"":""Rukky Kofi"",""customer_phone"":""081234567891""}",true
134,"2020-03-30","2020-04-03",6000,8,"{""customer_name"":""Rukky Kofi"",""customer_phone"":""081234567891""}",true
135,"2020-03-23","2020-03-27",6000,8,"{""customer_name"":""Nero Kofi"",""customer_phone"":""0813234444444""}",true
136,"2020-03-16","2020-03-19",6000,8,"{""customer_name"":""Rukky Kofi"",""customer_phone"":""081234567891""}",true
137,"2020-03-09","2020-03-13",6000,8,"{""customer_name"":""Rukky Kofi"",""customer_phone"":""081234567891""}",true
138,"2020-03-03","2020-03-06",6000,8,"{""customer_name"":""Nero Kofi"",""customer_phone"":""0813234444444""}",true
139,"2020-02-27","2020-02-29",6000,8,"{""customer_name"":""Rukky Kofi"",""customer_phone"":""081234567891""}",true
140,"2020-02-22","2020-02-25",6000,8,"{""customer_name"":""Rukky Kofi"",""customer_phone"":""081234567891""}",true
141,"2020-02-15","2020-02-19",6000,8,"{""customer_name"":""Rukky Kofi"",""customer_phone"":""081234567891""}",true
142,"2020-02-09","2020-02-12",6000,8,"{""customer_name"":""Rukky Kofi"",""customer_phone"":""081234567891""}",true
143,"2020-02-04","2020-02-06",6000,8,"{""customer_name"":""Rukky Kofi"",""customer_phone"":""081234567891""}",true
144,"2020-01-27","2020-01-31",6000,8,"{""customer_name"":""Nero Kofi"",""customer_phone"":""0813234444444""}",true
145,"2020-01-22","2020-01-25",6000,8,"{""customer_name"":""Rukky Kofi"",""customer_phone"":""081234567891""}",true
146,"2020-01-16","2020-01-20",6000,8,"{""customer_name"":""Rukky Kofi"",""customer_phone"":""081234567891""}",true
147,"2020-01-10","2020-01-13",6000,8,"{""customer_name"":""Rukky Kofi"",""customer_phone"":""081234567891""}",true
148,"2020-01-04","2020-01-06",6000,8,"{""customer_name"":""Nero Kofi"",""customer_phone"":""0813234444444""}",true
149,"2019-12-29","2019-12-31",6000,8,"{""customer_name"":""Nero Kofi"",""customer_phone"":""0813234444444""}",true
150,"2019-12-23","2019-12-26",6000,8,"{""customer_name"":""Nero Kofi"",""customer_phone"":""0813234444444""}",true
151,"2019-12-16","2019-12-19",6000,8,"{""customer_name"":""Nero Kofi"",""customer_phone"":""0813234444444""}",true
152,"2019-12-10","2019-12-14",6000,8,"{""customer_name"":""Rukky Kofi"",""customer_phone"":""081234567891""}",true
153,"2019-12-06","2019-12-08",6000,8,"{""customer_name"":""Rukky Kofi"",""customer_phone"":""081234567891""}",true
154,"2019-11-30","2019-12-04",6000,8,"{""customer_name"":""Nero Kofi"",""customer_phone"":""0813234444444""}",true
155,"2019-11-24","2019-11-26",6000,8,"{""customer_name"":""Rukky Kofi"",""customer_phone"":""081234567891""}",true
156,"2019-11-18","2019-11-21",6000,8,"{""customer_name"":""Nero Kofi"",""customer_phone"":""0813234444444""}",true
157,"2019-11-10","2019-11-14",6000,8,"{""customer_name"":""Nero Kofi"",""customer_phone"":""0813234444444""}",true
158,"2019-11-06","2019-11-08",6000,8,"{""customer_name"":""Nero Kofi"",""customer_phone"":""0813234444444""}",true
159,"2019-10-29","2019-11-02",6000,8,"{""customer_name"":""Nero Kofi"",""customer_phone"":""0813234444444""}",true
160,"2019-10-25","2019-10-27",6000,8,"{""customer_name"":""Rukky Kofi"",""customer_phone"":""081234567891""}",true
161,"2019-10-18","2019-10-22",6000,8,"{""customer_name"":""Nero Kofi"",""customer_phone"":""0813234444444""}",true
162,"2019-10-12","2019-10-14",6000,8,"{""customer_name"":""Rukky Kofi"",""customer_phone"":""081234567891""}",true
163,"2019-10-06","2019-10-08",6000,8,"{""customer_name"":""Nero Kofi"",""customer_phone"":""0813234444444""}",true
164,"2020-04-02","2020-04-04",6000,9,"{""customer_name"":""Rukky Kofi"",""customer_phone"":""081234567891""}",true
165,"2020-03-26","2020-03-30",6000,9,"{""customer_name"":""Rukky Kofi"",""customer_phone"":""081234567891""}",true
166,"2020-03-18","2020-03-22",6000,9,"{""customer_name"":""Nero Kofi"",""customer_phone"":""0813234444444""}",true
167,"2020-03-30","2020-04-02",5000,10,"{""customer_name"":""Rukky Kofi"",""customer_phone"":""081234567891""}",true
168,"2020-03-24","2020-03-26",5000,10,"{""customer_name"":""Nero Kofi"",""customer_phone"":""0813234444444""}",true
169,"2020-03-17","2020-03-21",5000,10,"{""customer_name"":""Nero Kofi"",""customer_phone"":""0813234444444""}",true
170,"2020-04-01","2020-04-04",6000,11,"{""customer_name"":""Rukky Kofi"",""customer_phone"":""081234567891""}",true
171,"2020-03-25","2020-03-28",6000,11,"{""customer_name"":""Nero Kofi"",""customer_phone"":""0813234444444""}",true
172,"2020-03-17","2020-03-21",6000,11,"{""customer_name"":""Nero Kofi"",""customer_phone"":""0813234444444""}",true
173,"2020-03-31","2020-04-04",15000,12,"{""customer_name"":""Rukky Kofi"",""customer_phone"":""081234567891""}",true
174,"2020-03-26","2020-03-28",15000,12,"{""customer_name"":""Rukky Kofi"",""customer_phone"":""081234567891""}",true
175,"2020-03-18","2020-03-22",15000,12,"{""customer_name"":""Rukky Kofi"",""customer_phone"":""081234567891""}",true
176,"2020-04-01","2020-04-04",5000,13,"{""customer_name"":""Rukky Kofi"",""customer_phone"":""081234567891""}",true
177,"2020-03-24","2020-03-28",5000,13,"{""customer_name"":""Nero Kofi"",""customer_phone"":""0813234444444""}",true
178,"2020-03-20","2020-03-22",5000,13,"{""customer_name"":""Nero Kofi"",""customer_phone"":""0813234444444""}",true
179,"2020-03-13","2020-03-17",5000,13,"{""customer_name"":""Nero Kofi"",""customer_phone"":""0813234444444""}",true
180,"2020-03-06","2020-03-10",5000,13,"{""customer_name"":""Nero Kofi"",""customer_phone"":""0813234444444""}",true
181,"2020-04-02","2020-04-04",6000,14,"{""customer_name"":""Rukky Kofi"",""customer_phone"":""081234567891""}",true
182,"2020-03-27","2020-03-30",6000,14,"{""customer_name"":""Nero Kofi"",""customer_phone"":""0813234444444""}",true
183,"2020-03-21","2020-03-25",6000,14,"{""customer_name"":""Rukky Kofi"",""customer_phone"":""081234567891""}",true
184,"2020-03-15","2020-03-18",6000,14,"{""customer_name"":""Rukky Kofi"",""customer_phone"":""081234567891""}",true
185,"2020-03-07","2020-03-11",6000,14,"{""customer_name"":""Nero Kofi"",""customer_phone"":""0813234444444""}",true
186,"2020-03-31","2020-04-04",15000,15,"{""customer_name"":""Nero Kofi"",""customer_phone"":""0813234444444""}",true
187,"2020-03-27","2020-03-29",15000,15,"{""customer_name"":""Nero Kofi"",""customer_phone"":""0813234444444""}",true
188,"2020-03-20","2020-03-23",15000,15,"{""customer_name"":""Nero Kofi"",""customer_phone"":""0813234444444""}",true
189,"2020-03-15","2020-03-17",15000,15,"{""customer_name"":""Nero Kofi"",""customer_phone"":""0813234444444""}",true
190,"2020-03-09","2020-03-13",15000,15,"{""customer_name"":""Nero Kofi"",""customer_phone"":""0813234444444""}",true
191,"2020-03-03","2020-03-06",15000,15,"{""customer_name"":""Rukky Kofi"",""customer_phone"":""081234567891""}",true
192,"2020-02-25","2020-02-28",15000,15,"{""customer_name"":""Rukky Kofi"",""customer_phone"":""081234567891""}",true
193,"2020-02-17","2020-02-21",15000,15,"{""customer_name"":""Rukky Kofi"",""customer_phone"":""081234567891""}",true
194,"2020-02-11","2020-02-14",15000,15,"{""customer_name"":""Rukky Kofi"",""customer_phone"":""081234567891""}",true
195,"2020-02-05","2020-02-07",15000,15,"{""customer_name"":""Nero Kofi"",""customer_phone"":""0813234444444""}",true
196,"2020-02-01","2020-02-03",15000,15,"{""customer_name"":""Rukky Kofi"",""customer_phone"":""081234567891""}",true
197,"2020-01-27","2020-01-30",15000,15,"{""customer_name"":""Rukky Kofi"",""customer_phone"":""081234567891""}",true
198,"2020-01-20","2020-01-24",15000,15,"{""customer_name"":""Rukky Kofi"",""customer_phone"":""081234567891""}",true
199,"2020-01-16","2020-01-18",15000,15,"{""customer_name"":""Rukky Kofi"",""customer_phone"":""081234567891""}",true
200,"2020-01-09","2020-01-12",15000,15,"{""customer_name"":""Nero Kofi"",""customer_phone"":""0813234444444""}",true
201,"2020-01-02","2020-01-06",15000,15,"{""customer_name"":""Rukky Kofi"",""customer_phone"":""081234567891""}",true
202,"2019-12-27","2019-12-31",15000,15,"{""customer_name"":""Nero Kofi"",""customer_phone"":""0813234444444""}",true
203,"2019-12-23","2019-12-25",15000,15,"{""customer_name"":""Nero Kofi"",""customer_phone"":""0813234444444""}",true
204,"2019-12-16","2019-12-20",15000,15,"{""customer_name"":""Nero Kofi"",""customer_phone"":""0813234444444""}",true
205,"2019-12-10","2019-12-14",15000,15,"{""customer_name"":""Nero Kofi"",""customer_phone"":""0813234444444""}",true
206,"2019-12-03","2019-12-07",15000,15,"{""customer_name"":""Rukky Kofi"",""customer_phone"":""081234567891""}",true
207,"2019-11-29","2019-12-01",15000,15,"{""customer_name"":""Nero Kofi"",""customer_phone"":""0813234444444""}",true
208,"2019-11-24","2019-11-27",15000,15,"{""customer_name"":""Rukky Kofi"",""customer_phone"":""081234567891""}",true
209,"2019-11-20","2019-11-22",15000,15,"{""customer_name"":""Nero Kofi"",""customer_phone"":""0813234444444""}",true
210,"2019-11-14","2019-11-17",15000,15,"{""customer_name"":""Nero Kofi"",""customer_phone"":""0813234444444""}",true
211,"2019-11-09","2019-11-11",15000,15,"{""customer_name"":""Rukky Kofi"",""customer_phone"":""081234567891""}",true
212,"2019-11-03","2019-11-07",15000,15,"{""customer_name"":""Nero Kofi"",""customer_phone"":""0813234444444""}",true
213,"2019-10-28","2019-11-01",15000,15,"{""customer_name"":""Nero Kofi"",""customer_phone"":""0813234444444""}",true
214,"2019-10-21","2019-10-25",15000,15,"{""customer_name"":""Nero Kofi"",""customer_phone"":""0813234444444""}",true
215,"2019-10-13","2019-10-17",15000,15,"{""customer_name"":""Nero Kofi"",""customer_phone"":""0813234444444""}",true
216,"2020-03-30","2020-04-02",6000,16,"{""customer_name"":""Nero Kofi"",""customer_phone"":""0813234444444""}",true
217,"2020-03-24","2020-03-26",6000,16,"{""customer_name"":""Rukky Kofi"",""customer_phone"":""081234567891""}",true
218,"2020-03-17","2020-03-20",6000,16,"{""customer_name"":""Nero Kofi"",""customer_phone"":""0813234444444""}",true
219,"2020-03-13","2020-03-15",6000,16,"{""customer_name"":""Rukky Kofi"",""customer_phone"":""081234567891""}",true
220,"2020-03-06","2020-03-09",6000,16,"{""customer_name"":""Rukky Kofi"",""customer_phone"":""081234567891""}",true
221,"2020-02-29","2020-03-03",6000,16,"{""customer_name"":""Rukky Kofi"",""customer_phone"":""081234567891""}",true
222,"2020-02-24","2020-02-27",6000,16,"{""customer_name"":""Nero Kofi"",""customer_phone"":""0813234444444""}",true
223,"2020-02-20","2020-02-22",6000,16,"{""customer_name"":""Nero Kofi"",""customer_phone"":""0813234444444""}",true
224,"2020-02-14","2020-02-18",6000,16,"{""customer_name"":""Rukky Kofi"",""customer_phone"":""081234567891""}",true
225,"2020-02-07","2020-02-11",6000,16,"{""customer_name"":""Nero Kofi"",""customer_phone"":""0813234444444""}",true
226,"2020-02-01","2020-02-05",6000,16,"{""customer_name"":""Nero Kofi"",""customer_phone"":""0813234444444""}",true
227,"2020-01-27","2020-01-29",6000,16,"{""customer_name"":""Nero Kofi"",""customer_phone"":""0813234444444""}",true
228,"2020-01-21","2020-01-23",6000,16,"{""customer_name"":""Nero Kofi"",""customer_phone"":""0813234444444""}",true
229,"2020-01-13","2020-01-17",6000,16,"{""customer_name"":""Rukky Kofi"",""customer_phone"":""081234567891""}",true
230,"2020-01-07","2020-01-09",6000,16,"{""customer_name"":""Rukky Kofi"",""customer_phone"":""081234567891""}",true
231,"2020-01-01","2020-01-04",6000,16,"{""customer_name"":""Rukky Kofi"",""customer_phone"":""081234567891""}",true
232,"2019-12-24","2019-12-28",6000,16,"{""customer_name"":""Nero Kofi"",""customer_phone"":""0813234444444""}",true
233,"2019-12-18","2019-12-20",6000,16,"{""customer_name"":""Nero Kofi"",""customer_phone"":""0813234444444""}",true
234,"2019-12-12","2019-12-15",6000,16,"{""customer_name"":""Rukky Kofi"",""customer_phone"":""081234567891""}",true
235,"2019-12-07","2019-12-09",6000,16,"{""customer_name"":""Nero Kofi"",""customer_phone"":""0813234444444""}",true
236,"2019-11-29","2019-12-03",6000,16,"{""customer_name"":""Rukky Kofi"",""customer_phone"":""081234567891""}",true
237,"2019-11-24","2019-11-27",6000,16,"{""customer_name"":""Nero Kofi"",""customer_phone"":""0813234444444""}",true
238,"2019-11-18","2019-11-20",6000,16,"{""customer_name"":""Nero Kofi"",""customer_phone"":""0813234444444""}",true
239,"2019-11-14","2019-11-16",6000,16,"{""customer_name"":""Nero Kofi"",""customer_phone"":""0813234444444""}",true
240,"2019-11-08","2019-11-11",6000,16,"{""customer_name"":""Nero Kofi"",""customer_phone"":""0813234444444""}",true
241,"2019-11-01","2019-11-05",6000,16,"{""customer_name"":""Nero Kofi"",""customer_phone"":""0813234444444""}",true
242,"2019-10-24","2019-10-28",6000,16,"{""customer_name"":""Rukky Kofi"",""customer_phone"":""081234567891""}",true
243,"2019-10-19","2019-10-22",6000,16,"{""customer_name"":""Rukky Kofi"",""customer_phone"":""081234567891""}",true
244,"2019-10-13","2019-10-15",6000,16,"{""customer_name"":""Nero Kofi"",""customer_phone"":""0813234444444""}",true
245,"2019-10-06","2019-10-10",6000,16,"{""customer_name"":""Nero Kofi"",""customer_phone"":""0813234444444""}",true
246,"2020-04-01","2020-04-04",5000,17,"{""customer_name"":""Rukky Kofi"",""customer_phone"":""081234567891""}",true
247,"2020-03-26","2020-03-30",5000,17,"{""customer_name"":""Nero Kofi"",""customer_phone"":""0813234444444""}",true
248,"2020-03-20","2020-03-24",5000,17,"{""customer_name"":""Nero Kofi"",""customer_phone"":""0813234444444""}",true
249,"2020-03-15","2020-03-18",5000,17,"{""customer_name"":""Nero Kofi"",""customer_phone"":""0813234444444""}",true
250,"2020-03-09","2020-03-11",5000,17,"{""customer_name"":""Rukky Kofi"",""customer_phone"":""081234567891""}",true
251,"2020-03-04","2020-03-06",5000,17,"{""customer_name"":""Rukky Kofi"",""customer_phone"":""081234567891""}",true
252,"2020-02-26","2020-02-29",5000,17,"{""customer_name"":""Nero Kofi"",""customer_phone"":""0813234444444""}",true
253,"2020-02-19","2020-02-22",5000,17,"{""customer_name"":""Rukky Kofi"",""customer_phone"":""081234567891""}",true
254,"2020-02-14","2020-02-16",5000,17,"{""customer_name"":""Rukky Kofi"",""customer_phone"":""081234567891""}",true
255,"2020-02-09","2020-02-11",5000,17,"{""customer_name"":""Rukky Kofi"",""customer_phone"":""081234567891""}",true
256,"2020-02-04","2020-02-06",5000,17,"{""customer_name"":""Nero Kofi"",""customer_phone"":""0813234444444""}",true
257,"2020-01-29","2020-02-02",5000,17,"{""customer_name"":""Rukky Kofi"",""customer_phone"":""081234567891""}",true
258,"2020-01-22","2020-01-26",5000,17,"{""customer_name"":""Nero Kofi"",""customer_phone"":""0813234444444""}",true
259,"2020-01-17","2020-01-19",5000,17,"{""customer_name"":""Rukky Kofi"",""customer_phone"":""081234567891""}",true
260,"2020-01-10","2020-01-13",5000,17,"{""customer_name"":""Rukky Kofi"",""customer_phone"":""081234567891""}",true
261,"2020-01-04","2020-01-07",5000,17,"{""customer_name"":""Rukky Kofi"",""customer_phone"":""081234567891""}",true
262,"2019-12-28","2019-12-31",5000,17,"{""customer_name"":""Nero Kofi"",""customer_phone"":""0813234444444""}",true
263,"2019-12-22","2019-12-24",5000,17,"{""customer_name"":""Nero Kofi"",""customer_phone"":""0813234444444""}",true
264,"2019-12-14","2019-12-18",5000,17,"{""customer_name"":""Rukky Kofi"",""customer_phone"":""081234567891""}",true
265,"2019-12-09","2019-12-12",5000,17,"{""customer_name"":""Rukky Kofi"",""customer_phone"":""081234567891""}",true
266,"2019-12-03","2019-12-07",5000,17,"{""customer_name"":""Nero Kofi"",""customer_phone"":""0813234444444""}",true
267,"2019-11-27","2019-11-29",5000,17,"{""customer_name"":""Nero Kofi"",""customer_phone"":""0813234444444""}",true
268,"2019-11-20","2019-11-24",5000,17,"{""customer_name"":""Nero Kofi"",""customer_phone"":""0813234444444""}",true
269,"2019-11-14","2019-11-16",5000,17,"{""customer_name"":""Nero Kofi"",""customer_phone"":""0813234444444""}",true
270,"2019-11-09","2019-11-12",5000,17,"{""customer_name"":""Rukky Kofi"",""customer_phone"":""081234567891""}",true
271,"2019-11-03","2019-11-07",5000,17,"{""customer_name"":""Nero Kofi"",""customer_phone"":""0813234444444""}",true
272,"2019-10-28","2019-11-01",5000,17,"{""customer_name"":""Nero Kofi"",""customer_phone"":""0813234444444""}",true
273,"2019-10-22","2019-10-24",5000,17,"{""customer_name"":""Nero Kofi"",""customer_phone"":""0813234444444""}",true
274,"2019-10-16","2019-10-20",5000,17,"{""customer_name"":""Nero Kofi"",""customer_phone"":""0813234444444""}",true
275,"2019-10-09","2019-10-12",5000,17,"{""customer_name"":""Nero Kofi"",""customer_phone"":""0813234444444""}",true
276,"2020-03-31","2020-04-04",15000,18,"{""customer_name"":""Rukky Kofi"",""customer_phone"":""081234567891""}",true
277,"2020-03-27","2020-03-29",15000,18,"{""customer_name"":""Nero Kofi"",""customer_phone"":""0813234444444""}",true
278,"2020-03-19","2020-03-23",15000,18,"{""customer_name"":""Rukky Kofi"",""customer_phone"":""081234567891""}",true
279,"2020-03-31","2020-04-02",10000,19,"{""customer_name"":""Nero Kofi"",""customer_phone"":""0813234444444""}",true
280,"2020-03-25","2020-03-29",10000,19,"{""customer_name"":""Nero Kofi"",""customer_phone"":""0813234444444""}",true
281,"2020-03-18","2020-03-22",10000,19,"{""customer_name"":""Nero Kofi"",""customer_phone"":""0813234444444""}",true
282,"2020-03-30","2020-04-02",6000,20,"{""customer_name"":""Nero Kofi"",""customer_phone"":""0813234444444""}",true
283,"2020-03-25","2020-03-27",6000,20,"{""customer_name"":""Rukky Kofi"",""customer_phone"":""081234567891""}",true
284,"2020-03-21","2020-03-23",6000,20,"{""customer_name"":""Rukky Kofi"",""customer_phone"":""081234567891""}",true
285,"2020-03-14","2020-03-18",6000,20,"{""customer_name"":""Nero Kofi"",""customer_phone"":""0813234444444""}",true
286,"2020-03-07","2020-03-10",6000,20,"{""customer_name"":""Nero Kofi"",""customer_phone"":""0813234444444""}",true
287,"2020-03-30","2020-04-02",15000,21,"{""customer_name"":""Rukky Kofi"",""customer_phone"":""081234567891""}",true
288,"2020-03-22","2020-03-26",15000,21,"{""customer_name"":""Nero Kofi"",""customer_phone"":""0813234444444""}",true
289,"2020-03-17","2020-03-20",15000,21,"{""customer_name"":""Rukky Kofi"",""customer_phone"":""081234567891""}",true
290,"2020-03-11","2020-03-14",15000,21,"{""customer_name"":""Rukky Kofi"",""customer_phone"":""081234567891""}",true
291,"2020-03-05","2020-03-09",15000,21,"{""customer_name"":""Rukky Kofi"",""customer_phone"":""081234567891""}",true
292,"2020-02-27","2020-03-01",15000,21,"{""customer_name"":""Rukky Kofi"",""customer_phone"":""081234567891""}",true
293,"2020-02-21","2020-02-24",15000,21,"{""customer_name"":""Nero Kofi"",""customer_phone"":""0813234444444""}",true
294,"2020-02-15","2020-02-19",15000,21,"{""customer_name"":""Rukky Kofi"",""customer_phone"":""081234567891""}",true
295,"2020-02-08","2020-02-11",15000,21,"{""customer_name"":""Nero Kofi"",""customer_phone"":""0813234444444""}",true
296,"2020-01-31","2020-02-04",15000,21,"{""customer_name"":""Nero Kofi"",""customer_phone"":""0813234444444""}",true
297,"2020-01-23","2020-01-27",15000,21,"{""customer_name"":""Nero Kofi"",""customer_phone"":""0813234444444""}",true
298,"2020-01-18","2020-01-21",15000,21,"{""customer_name"":""Nero Kofi"",""customer_phone"":""0813234444444""}",true
299,"2020-01-13","2020-01-15",15000,21,"{""customer_name"":""Nero Kofi"",""customer_phone"":""0813234444444""}",true
300,"2020-01-08","2020-01-11",15000,21,"{""customer_name"":""Nero Kofi"",""customer_phone"":""0813234444444""}",true
301,"2020-01-02","2020-01-06",15000,21,"{""customer_name"":""Nero Kofi"",""customer_phone"":""0813234444444""}",true
302,"2019-12-25","2019-12-29",15000,21,"{""customer_name"":""Nero Kofi"",""customer_phone"":""0813234444444""}",true
303,"2019-12-18","2019-12-21",15000,21,"{""customer_name"":""Nero Kofi"",""customer_phone"":""0813234444444""}",true
304,"2019-12-14","2019-12-16",15000,21,"{""customer_name"":""Nero Kofi"",""customer_phone"":""0813234444444""}",true
305,"2019-12-08","2019-12-10",15000,21,"{""customer_name"":""Nero Kofi"",""customer_phone"":""0813234444444""}",true
306,"2019-12-02","2019-12-04",15000,21,"{""customer_name"":""Rukky Kofi"",""customer_phone"":""081234567891""}",true
307,"2019-11-26","2019-11-28",15000,21,"{""customer_name"":""Rukky Kofi"",""customer_phone"":""081234567891""}",true
308,"2019-11-21","2019-11-23",15000,21,"{""customer_name"":""Nero Kofi"",""customer_phone"":""0813234444444""}",true
309,"2019-11-16","2019-11-19",15000,21,"{""customer_name"":""Rukky Kofi"",""customer_phone"":""081234567891""}",true
310,"2019-11-11","2019-11-14",15000,21,"{""customer_name"":""Rukky Kofi"",""customer_phone"":""081234567891""}",true
311,"2019-11-03","2019-11-07",15000,21,"{""customer_name"":""Rukky Kofi"",""customer_phone"":""081234567891""}",true
312,"2019-10-27","2019-10-30",15000,21,"{""customer_name"":""Rukky Kofi"",""customer_phone"":""081234567891""}",true
313,"2019-10-20","2019-10-24",15000,21,"{""customer_name"":""Nero Kofi"",""customer_phone"":""0813234444444""}",true
314,"2019-10-14","2019-10-17",15000,21,"{""customer_name"":""Nero Kofi"",""customer_phone"":""0813234444444""}",true
315,"2019-10-10","2019-10-12",15000,21,"{""customer_name"":""Rukky Kofi"",""customer_phone"":""081234567891""}",true
316,"2019-10-03","2019-10-07",15000,21,"{""customer_name"":""Nero Kofi"",""customer_phone"":""0813234444444""}",true
318,"2020-04-01","2020-04-04",5000,22,"{""customer_name"":""Rukky Kofi"",""customer_phone"":""081234567891""}",true
319,"2020-03-25","2020-03-29",5000,22,"{""customer_name"":""Nero Kofi"",""customer_phone"":""0813234444444""}",true
320,"2020-03-19","2020-03-23",5000,22,"{""customer_name"":""Rukky Kofi"",""customer_phone"":""081234567891""}",true
321,"2020-03-14","2020-03-17",5000,22,"{""customer_name"":""Rukky Kofi"",""customer_phone"":""081234567891""}",true
322,"2020-03-08","2020-03-10",5000,22,"{""customer_name"":""Nero Kofi"",""customer_phone"":""0813234444444""}",true
324,"2020-03-31","2020-04-02",6000,23,"{""customer_name"":""Rukky Kofi"",""customer_phone"":""081234567891""}",true
325,"2020-03-24","2020-03-27",6000,23,"{""customer_name"":""Rukky Kofi"",""customer_phone"":""081234567891""}",true
326,"2020-03-17","2020-03-20",6000,23,"{""customer_name"":""Nero Kofi"",""customer_phone"":""0813234444444""}",true
327,"2020-03-12","2020-03-14",6000,23,"{""customer_name"":""Rukky Kofi"",""customer_phone"":""081234567891""}",true
328,"2020-03-07","2020-03-09",6000,23,"{""customer_name"":""Rukky Kofi"",""customer_phone"":""081234567891""}",true
330,"2020-03-30","2020-04-02",10000,24,"{""customer_name"":""Nero Kofi"",""customer_phone"":""0813234444444""}",true
331,"2020-03-24","2020-03-26",10000,24,"{""customer_name"":""Nero Kofi"",""customer_phone"":""0813234444444""}",true
332,"2020-03-18","2020-03-22",10000,24,"{""customer_name"":""Nero Kofi"",""customer_phone"":""0813234444444""}",true
334,"2020-04-01","2020-04-03",6000,25,"{""customer_name"":""Nero Kofi"",""customer_phone"":""0813234444444""}",true
335,"2020-03-25","2020-03-28",6000,25,"{""customer_name"":""Nero Kofi"",""customer_phone"":""0813234444444""}",true
336,"2020-03-18","2020-03-22",6000,25,"{""customer_name"":""Rukky Kofi"",""customer_phone"":""081234567891""}",true
338,"2020-03-31","2020-04-04",5000,26,"{""customer_name"":""Rukky Kofi"",""customer_phone"":""081234567891""}",true
339,"2020-03-25","2020-03-29",5000,26,"{""customer_name"":""Nero Kofi"",""customer_phone"":""0813234444444""}",true
340,"2020-03-19","2020-03-22",5000,26,"{""customer_name"":""Nero Kofi"",""customer_phone"":""0813234444444""}",true
341,"2020-03-14","2020-03-17",5000,26,"{""customer_name"":""Nero Kofi"",""customer_phone"":""0813234444444""}",true
342,"2020-03-08","2020-03-11",5000,26,"{""customer_name"":""Rukky Kofi"",""customer_phone"":""081234567891""}",true
343,"2020-02-29","2020-03-04",5000,26,"{""customer_name"":""Rukky Kofi"",""customer_phone"":""081234567891""}",true
344,"2020-02-22","2020-02-25",5000,26,"{""customer_name"":""Nero Kofi"",""customer_phone"":""0813234444444""}",true
345,"2020-02-17","2020-02-19",5000,26,"{""customer_name"":""Rukky Kofi"",""customer_phone"":""081234567891""}",true
346,"2020-02-09","2020-02-13",5000,26,"{""customer_name"":""Rukky Kofi"",""customer_phone"":""081234567891""}",true
347,"2020-02-02","2020-02-05",5000,26,"{""customer_name"":""Nero Kofi"",""customer_phone"":""0813234444444""}",true
348,"2020-01-29","2020-01-31",5000,26,"{""customer_name"":""Nero Kofi"",""customer_phone"":""0813234444444""}",true
349,"2020-01-23","2020-01-27",5000,26,"{""customer_name"":""Nero Kofi"",""customer_phone"":""0813234444444""}",true
350,"2020-01-18","2020-01-20",5000,26,"{""customer_name"":""Rukky Kofi"",""customer_phone"":""081234567891""}",true
351,"2020-01-13","2020-01-16",5000,26,"{""customer_name"":""Rukky Kofi"",""customer_phone"":""081234567891""}",true
352,"2020-01-08","2020-01-11",5000,26,"{""customer_name"":""Rukky Kofi"",""customer_phone"":""081234567891""}",true
353,"2020-01-01","2020-01-04",5000,26,"{""customer_name"":""Nero Kofi"",""customer_phone"":""0813234444444""}",true
354,"2019-12-27","2019-12-30",5000,26,"{""customer_name"":""Rukky Kofi"",""customer_phone"":""081234567891""}",true
355,"2019-12-23","2019-12-25",5000,26,"{""customer_name"":""Nero Kofi"",""customer_phone"":""0813234444444""}",true
356,"2019-12-18","2019-12-20",5000,26,"{""customer_name"":""Nero Kofi"",""customer_phone"":""0813234444444""}",true
357,"2019-12-11","2019-12-14",5000,26,"{""customer_name"":""Nero Kofi"",""customer_phone"":""0813234444444""}",true
358,"2019-12-06","2019-12-08",5000,26,"{""customer_name"":""Nero Kofi"",""customer_phone"":""0813234444444""}",true
359,"2019-12-01","2019-12-04",5000,26,"{""customer_name"":""Nero Kofi"",""customer_phone"":""0813234444444""}",true
360,"2019-11-25","2019-11-28",5000,26,"{""customer_name"":""Nero Kofi"",""customer_phone"":""0813234444444""}",true
361,"2019-11-19","2019-11-21",5000,26,"{""customer_name"":""Nero Kofi"",""customer_phone"":""0813234444444""}",true
362,"2019-11-12","2019-11-16",5000,26,"{""customer_name"":""Rukky Kofi"",""customer_phone"":""081234567891""}",true
363,"2019-11-06","2019-11-10",5000,26,"{""customer_name"":""Rukky Kofi"",""customer_phone"":""081234567891""}",true
364,"2019-10-31","2019-11-03",5000,26,"{""customer_name"":""Rukky Kofi"",""customer_phone"":""081234567891""}",true
365,"2019-10-23","2019-10-27",5000,26,"{""customer_name"":""Rukky Kofi"",""customer_phone"":""081234567891""}",true
366,"2019-10-15","2019-10-19",5000,26,"{""customer_name"":""Rukky Kofi"",""customer_phone"":""081234567891""}",true
367,"2019-10-09","2019-10-11",5000,26,"{""customer_name"":""Rukky Kofi"",""customer_phone"":""081234567891""}",true
369,"2020-04-02","2020-04-04",5000,27,"{""customer_name"":""Nero Kofi"",""customer_phone"":""0813234444444""}",true
370,"2020-03-28","2020-03-30",5000,27,"{""customer_name"":""Rukky Kofi"",""customer_phone"":""081234567891""}",true
371,"2020-03-23","2020-03-26",5000,27,"{""customer_name"":""Nero Kofi"",""customer_phone"":""0813234444444""}",true
372,"2020-03-17","2020-03-20",5000,27,"{""customer_name"":""Nero Kofi"",""customer_phone"":""0813234444444""}",true
373,"2020-03-12","2020-03-14",5000,27,"{""customer_name"":""Rukky Kofi"",""customer_phone"":""081234567891""}",true
375,"2020-03-31","2020-04-03",10000,28,"{""customer_name"":""Rukky Kofi"",""customer_phone"":""081234567891""}",true
376,"2020-03-24","2020-03-27",10000,28,"{""customer_name"":""Rukky Kofi"",""customer_phone"":""081234567891""}",true
377,"2020-03-20","2020-03-22",10000,28,"{""customer_name"":""Rukky Kofi"",""customer_phone"":""081234567891""}",true
379,"2020-03-30","2020-04-03",5000,29,"{""customer_name"":""Rukky Kofi"",""customer_phone"":""081234567891""}",true
380,"2020-03-23","2020-03-27",5000,29,"{""customer_name"":""Rukky Kofi"",""customer_phone"":""081234567891""}",true
381,"2020-03-18","2020-03-21",5000,29,"{""customer_name"":""Nero Kofi"",""customer_phone"":""0813234444444""}",true
383,"2020-03-30","2020-04-03",5000,30,"{""customer_name"":""Rukky Kofi"",""customer_phone"":""081234567891""}",true
384,"2020-03-24","2020-03-26",5000,30,"{""customer_name"":""Rukky Kofi"",""customer_phone"":""081234567891""}",true
385,"2020-03-18","2020-03-20",5000,30,"{""customer_name"":""Nero Kofi"",""customer_phone"":""0813234444444""}",true
386,"2020-03-12","2020-03-14",5000,30,"{""customer_name"":""Rukky Kofi"",""customer_phone"":""081234567891""}",true
387,"2020-03-06","2020-03-09",5000,30,"{""customer_name"":""Rukky Kofi"",""customer_phone"":""081234567891""}",true
389,"2020-04-02","2020-04-04",10000,31,"{""customer_name"":""Nero Kofi"",""customer_phone"":""0813234444444""}",true
390,"2020-03-26","2020-03-29",10000,31,"{""customer_name"":""Nero Kofi"",""customer_phone"":""0813234444444""}",true
391,"2020-03-18","2020-03-22",10000,31,"{""customer_name"":""Nero Kofi"",""customer_phone"":""0813234444444""}",true
393,"2020-04-01","2020-04-03",5000,32,"{""customer_name"":""Nero Kofi"",""customer_phone"":""0813234444444""}",true
394,"2020-03-27","2020-03-29",5000,32,"{""customer_name"":""Nero Kofi"",""customer_phone"":""0813234444444""}",true
395,"2020-03-22","2020-03-25",5000,32,"{""customer_name"":""Nero Kofi"",""customer_phone"":""0813234444444""}",true
396,"2020-03-16","2020-03-18",5000,32,"{""customer_name"":""Nero Kofi"",""customer_phone"":""0813234444444""}",true
397,"2020-03-11","2020-03-13",5000,32,"{""customer_name"":""Rukky Kofi"",""customer_phone"":""081234567891""}",true
398,"2020-03-07","2020-03-09",5000,32,"{""customer_name"":""Rukky Kofi"",""customer_phone"":""081234567891""}",true
399,"2020-03-02","2020-03-04",5000,32,"{""customer_name"":""Nero Kofi"",""customer_phone"":""0813234444444""}",true
400,"2020-02-25","2020-02-28",5000,32,"{""customer_name"":""Rukky Kofi"",""customer_phone"":""081234567891""}",true
401,"2020-02-18","2020-02-22",5000,32,"{""customer_name"":""Nero Kofi"",""customer_phone"":""0813234444444""}",true
402,"2020-02-11","2020-02-14",5000,32,"{""customer_name"":""Nero Kofi"",""customer_phone"":""0813234444444""}",true
403,"2020-02-05","2020-02-09",5000,32,"{""customer_name"":""Rukky Kofi"",""customer_phone"":""081234567891""}",true
404,"2020-01-29","2020-02-01",5000,32,"{""customer_name"":""Rukky Kofi"",""customer_phone"":""081234567891""}",true
405,"2020-01-23","2020-01-27",5000,32,"{""customer_name"":""Nero Kofi"",""customer_phone"":""0813234444444""}",true
406,"2020-01-17","2020-01-20",5000,32,"{""customer_name"":""Rukky Kofi"",""customer_phone"":""081234567891""}",true
407,"2020-01-12","2020-01-14",5000,32,"{""customer_name"":""Rukky Kofi"",""customer_phone"":""081234567891""}",true
408,"2020-01-05","2020-01-09",5000,32,"{""customer_name"":""Rukky Kofi"",""customer_phone"":""081234567891""}",true
409,"2019-12-28","2020-01-01",5000,32,"{""customer_name"":""Nero Kofi"",""customer_phone"":""0813234444444""}",true
410,"2019-12-20","2019-12-24",5000,32,"{""customer_name"":""Nero Kofi"",""customer_phone"":""0813234444444""}",true
411,"2019-12-13","2019-12-16",5000,32,"{""customer_name"":""Nero Kofi"",""customer_phone"":""0813234444444""}",true
412,"2019-12-09","2019-12-11",5000,32,"{""customer_name"":""Rukky Kofi"",""customer_phone"":""081234567891""}",true
413,"2019-12-02","2019-12-05",5000,32,"{""customer_name"":""Rukky Kofi"",""customer_phone"":""081234567891""}",true
414,"2019-11-28","2019-11-30",5000,32,"{""customer_name"":""Nero Kofi"",""customer_phone"":""0813234444444""}",true
415,"2019-11-22","2019-11-26",5000,32,"{""customer_name"":""Rukky Kofi"",""customer_phone"":""081234567891""}",true
416,"2019-11-15","2019-11-19",5000,32,"{""customer_name"":""Nero Kofi"",""customer_phone"":""0813234444444""}",true
417,"2019-11-08","2019-11-12",5000,32,"{""customer_name"":""Nero Kofi"",""customer_phone"":""0813234444444""}",true
418,"2019-11-01","2019-11-05",5000,32,"{""customer_name"":""Nero Kofi"",""customer_phone"":""0813234444444""}",true
419,"2019-10-26","2019-10-28",5000,32,"{""customer_name"":""Nero Kofi"",""customer_phone"":""0813234444444""}",true
420,"2019-10-21","2019-10-23",5000,32,"{""customer_name"":""Nero Kofi"",""customer_phone"":""0813234444444""}",true
421,"2019-10-17","2019-10-19",5000,32,"{""customer_name"":""Rukky Kofi"",""customer_phone"":""081234567891""}",true
422,"2019-10-12","2019-10-15",5000,32,"{""customer_name"":""Rukky Kofi"",""customer_phone"":""081234567891""}",true
424,"2020-03-30","2020-04-02",5000,33,"{""customer_name"":""Nero Kofi"",""customer_phone"":""0813234444444""}",true
425,"2020-03-25","2020-03-27",5000,33,"{""customer_name"":""Nero Kofi"",""customer_phone"":""0813234444444""}",true
426,"2020-03-19","2020-03-22",5000,33,"{""customer_name"":""Rukky Kofi"",""customer_phone"":""081234567891""}",true
427,"2020-03-14","2020-03-17",5000,33,"{""customer_name"":""Rukky Kofi"",""customer_phone"":""081234567891""}",true
428,"2020-03-08","2020-03-12",5000,33,"{""customer_name"":""Rukky Kofi"",""customer_phone"":""081234567891""}",true
430,"2020-03-31","2020-04-04",10000,34,"{""customer_name"":""Nero Kofi"",""customer_phone"":""0813234444444""}",true
431,"2020-03-23","2020-03-27",10000,34,"{""customer_name"":""Nero Kofi"",""customer_phone"":""0813234444444""}",true
432,"2020-03-15","2020-03-19",10000,34,"{""customer_name"":""Rukky Kofi"",""customer_phone"":""081234567891""}",true
433,"2020-03-09","2020-03-13",10000,34,"{""customer_name"":""Rukky Kofi"",""customer_phone"":""081234567891""}",true
434,"2020-03-03","2020-03-06",10000,34,"{""customer_name"":""Rukky Kofi"",""customer_phone"":""081234567891""}",true
435,"2020-02-25","2020-02-29",10000,34,"{""customer_name"":""Rukky Kofi"",""customer_phone"":""081234567891""}",true
436,"2020-02-20","2020-02-23",10000,34,"{""customer_name"":""Nero Kofi"",""customer_phone"":""0813234444444""}",true
437,"2020-02-14","2020-02-18",10000,34,"{""customer_name"":""Nero Kofi"",""customer_phone"":""0813234444444""}",true
438,"2020-02-07","2020-02-11",10000,34,"{""customer_name"":""Nero Kofi"",""customer_phone"":""0813234444444""}",true
439,"2020-02-02","2020-02-04",10000,34,"{""customer_name"":""Nero Kofi"",""customer_phone"":""0813234444444""}",true
440,"2020-01-29","2020-01-31",10000,34,"{""customer_name"":""Nero Kofi"",""customer_phone"":""0813234444444""}",true
441,"2020-01-25","2020-01-27",10000,34,"{""customer_name"":""Rukky Kofi"",""customer_phone"":""081234567891""}",true
442,"2020-01-19","2020-01-23",10000,34,"{""customer_name"":""Rukky Kofi"",""customer_phone"":""081234567891""}",true
443,"2020-01-12","2020-01-16",10000,34,"{""customer_name"":""Nero Kofi"",""customer_phone"":""0813234444444""}",true
444,"2020-01-06","2020-01-08",10000,34,"{""customer_name"":""Nero Kofi"",""customer_phone"":""0813234444444""}",true
445,"2020-01-02","2020-01-04",10000,34,"{""customer_name"":""Rukky Kofi"",""customer_phone"":""081234567891""}",true
446,"2019-12-26","2019-12-29",10000,34,"{""customer_name"":""Rukky Kofi"",""customer_phone"":""081234567891""}",true
447,"2019-12-19","2019-12-22",10000,34,"{""customer_name"":""Nero Kofi"",""customer_phone"":""0813234444444""}",true
448,"2019-12-13","2019-12-15",10000,34,"{""customer_name"":""Nero Kofi"",""customer_phone"":""0813234444444""}",true
449,"2019-12-07","2019-12-10",10000,34,"{""customer_name"":""Nero Kofi"",""customer_phone"":""0813234444444""}",true
450,"2019-12-03","2019-12-05",10000,34,"{""customer_name"":""Rukky Kofi"",""customer_phone"":""081234567891""}",true
451,"2019-11-27","2019-12-01",10000,34,"{""customer_name"":""Nero Kofi"",""customer_phone"":""0813234444444""}",true
452,"2019-11-21","2019-11-23",10000,34,"{""customer_name"":""Nero Kofi"",""customer_phone"":""0813234444444""}",true
453,"2019-11-15","2019-11-19",10000,34,"{""customer_name"":""Rukky Kofi"",""customer_phone"":""081234567891""}",true
454,"2019-11-10","2019-11-13",10000,34,"{""customer_name"":""Rukky Kofi"",""customer_phone"":""081234567891""}",true
455,"2019-11-04","2019-11-06",10000,34,"{""customer_name"":""Rukky Kofi"",""customer_phone"":""081234567891""}",true
456,"2019-10-29","2019-11-01",10000,34,"{""customer_name"":""Rukky Kofi"",""customer_phone"":""081234567891""}",true
457,"2019-10-24","2019-10-26",10000,34,"{""customer_name"":""Nero Kofi"",""customer_phone"":""0813234444444""}",true
458,"2019-10-18","2019-10-22",10000,34,"{""customer_name"":""Rukky Kofi"",""customer_phone"":""081234567891""}",true
459,"2019-10-12","2019-10-15",10000,34,"{""customer_name"":""Rukky Kofi"",""customer_phone"":""081234567891""}",true
461,"2020-03-31","2020-04-04",15000,35,"{""customer_name"":""Nero Kofi"",""customer_phone"":""0813234444444""}",true
462,"2020-03-26","2020-03-28",15000,35,"{""customer_name"":""Nero Kofi"",""customer_phone"":""0813234444444""}",true
463,"2020-03-21","2020-03-23",15000,35,"{""customer_name"":""Rukky Kofi"",""customer_phone"":""081234567891""}",true
464,"2020-03-13","2020-03-17",15000,35,"{""customer_name"":""Nero Kofi"",""customer_phone"":""0813234444444""}",true
465,"2020-03-06","2020-03-09",15000,35,"{""customer_name"":""Nero Kofi"",""customer_phone"":""0813234444444""}",true
466,"2020-02-28","2020-03-02",15000,35,"{""customer_name"":""Rukky Kofi"",""customer_phone"":""081234567891""}",true
467,"2020-02-22","2020-02-24",15000,35,"{""customer_name"":""Nero Kofi"",""customer_phone"":""0813234444444""}",true
468,"2020-02-15","2020-02-19",15000,35,"{""customer_name"":""Rukky Kofi"",""customer_phone"":""081234567891""}",true
469,"2020-02-08","2020-02-12",15000,35,"{""customer_name"":""Rukky Kofi"",""customer_phone"":""081234567891""}",true
470,"2020-02-03","2020-02-06",15000,35,"{""customer_name"":""Nero Kofi"",""customer_phone"":""0813234444444""}",true
471,"2020-01-28","2020-01-31",15000,35,"{""customer_name"":""Nero Kofi"",""customer_phone"":""0813234444444""}",true
472,"2020-01-21","2020-01-24",15000,35,"{""customer_name"":""Nero Kofi"",""customer_phone"":""0813234444444""}",true
473,"2020-01-15","2020-01-17",15000,35,"{""customer_name"":""Nero Kofi"",""customer_phone"":""0813234444444""}",true
474,"2020-01-08","2020-01-11",15000,35,"{""customer_name"":""Rukky Kofi"",""customer_phone"":""081234567891""}",true
475,"2019-12-31","2020-01-04",15000,35,"{""customer_name"":""Rukky Kofi"",""customer_phone"":""081234567891""}",true
476,"2019-12-25","2019-12-27",15000,35,"{""customer_name"":""Rukky Kofi"",""customer_phone"":""081234567891""}",true
477,"2019-12-19","2019-12-23",15000,35,"{""customer_name"":""Rukky Kofi"",""customer_phone"":""081234567891""}",true
478,"2019-12-11","2019-12-15",15000,35,"{""customer_name"":""Nero Kofi"",""customer_phone"":""0813234444444""}",true
479,"2019-12-04","2019-12-07",15000,35,"{""customer_name"":""Rukky Kofi"",""customer_phone"":""081234567891""}",true
480,"2019-11-29","2019-12-01",15000,35,"{""customer_name"":""Rukky Kofi"",""customer_phone"":""081234567891""}",true
481,"2019-11-23","2019-11-27",15000,35,"{""customer_name"":""Rukky Kofi"",""customer_phone"":""081234567891""}",true
482,"2019-11-19","2019-11-21",15000,35,"{""customer_name"":""Rukky Kofi"",""customer_phone"":""081234567891""}",true
483,"2019-11-14","2019-11-16",15000,35,"{""customer_name"":""Rukky Kofi"",""customer_phone"":""081234567891""}",true
484,"2019-11-08","2019-11-10",15000,35,"{""customer_name"":""Rukky Kofi"",""customer_phone"":""081234567891""}",true
485,"2019-11-04","2019-11-06",15000,35,"{""customer_name"":""Rukky Kofi"",""customer_phone"":""081234567891""}",true
486,"2019-10-29","2019-10-31",15000,35,"{""customer_name"":""Nero Kofi"",""customer_phone"":""0813234444444""}",true
487,"2019-10-21","2019-10-25",15000,35,"{""customer_name"":""Nero Kofi"",""customer_phone"":""0813234444444""}",true
488,"2019-10-15","2019-10-19",15000,35,"{""customer_name"":""Nero Kofi"",""customer_phone"":""0813234444444""}",true
489,"2019-10-10","2019-10-13",15000,35,"{""customer_name"":""Nero Kofi"",""customer_phone"":""0813234444444""}",true
490,"2019-10-03","2019-10-07",15000,35,"{""customer_name"":""Nero Kofi"",""customer_phone"":""0813234444444""}",true
492,"2020-04-01","2020-04-03",6000,36,"{""customer_name"":""Nero Kofi"",""customer_phone"":""0813234444444""}",true
493,"2020-03-27","2020-03-29",6000,36,"{""customer_name"":""Rukky Kofi"",""customer_phone"":""081234567891""}",true
494,"2020-03-21","2020-03-23",6000,36,"{""customer_name"":""Nero Kofi"",""customer_phone"":""0813234444444""}",true
495,"2020-03-15","2020-03-19",6000,36,"{""customer_name"":""Rukky Kofi"",""customer_phone"":""081234567891""}",true
496,"2020-03-08","2020-03-11",6000,36,"{""customer_name"":""Nero Kofi"",""customer_phone"":""0813234444444""}",true
498,"2020-04-01","2020-04-04",5000,37,"{""customer_name"":""Rukky Kofi"",""customer_phone"":""081234567891""}",true
499,"2020-03-26","2020-03-30",5000,37,"{""customer_name"":""Nero Kofi"",""customer_phone"":""0813234444444""}",true
500,"2020-03-20","2020-03-22",5000,37,"{""customer_name"":""Nero Kofi"",""customer_phone"":""0813234444444""}",true
502,"2020-04-01","2020-04-04",15000,38,"{""customer_name"":""Nero Kofi"",""customer_phone"":""0813234444444""}",true
503,"2020-03-26","2020-03-30",15000,38,"{""customer_name"":""Rukky Kofi"",""customer_phone"":""081234567891""}",true
504,"2020-03-21","2020-03-24",15000,38,"{""customer_name"":""Rukky Kofi"",""customer_phone"":""081234567891""}",true
506,"2020-03-29","2020-04-02",6000,39,"{""customer_name"":""Rukky Kofi"",""customer_phone"":""081234567891""}",true
507,"2020-03-22","2020-03-26",6000,39,"{""customer_name"":""Nero Kofi"",""customer_phone"":""0813234444444""}",true
508,"2020-03-16","2020-03-18",6000,39,"{""customer_name"":""Nero Kofi"",""customer_phone"":""0813234444444""}",true
510,"2020-03-29","2020-04-02",6000,40,"{""customer_name"":""Nero Kofi"",""customer_phone"":""0813234444444""}",true
511,"2020-03-25","2020-03-27",6000,40,"{""customer_name"":""Rukky Kofi"",""customer_phone"":""081234567891""}",true
512,"2020-03-20","2020-03-22",6000,40,"{""customer_name"":""Nero Kofi"",""customer_phone"":""0813234444444""}",true
513,"2020-03-12","2020-03-16",6000,40,"{""customer_name"":""Rukky Kofi"",""customer_phone"":""081234567891""}",true
514,"2020-03-05","2020-03-09",6000,40,"{""customer_name"":""Nero Kofi"",""customer_phone"":""0813234444444""}",true
515,"2020-02-29","2020-03-02",6000,40,"{""customer_name"":""Nero Kofi"",""customer_phone"":""0813234444444""}",true
516,"2020-02-24","2020-02-27",6000,40,"{""customer_name"":""Rukky Kofi"",""customer_phone"":""081234567891""}",true
517,"2020-02-20","2020-02-22",6000,40,"{""customer_name"":""Nero Kofi"",""customer_phone"":""0813234444444""}",true
518,"2020-02-16","2020-02-18",6000,40,"{""customer_name"":""Rukky Kofi"",""customer_phone"":""081234567891""}",true
519,"2020-02-12","2020-02-14",6000,40,"{""customer_name"":""Nero Kofi"",""customer_phone"":""0813234444444""}",true
520,"2020-02-06","2020-02-10",6000,40,"{""customer_name"":""Nero Kofi"",""customer_phone"":""0813234444444""}",true
521,"2020-02-01","2020-02-04",6000,40,"{""customer_name"":""Rukky Kofi"",""customer_phone"":""081234567891""}",true
522,"2020-01-26","2020-01-29",6000,40,"{""customer_name"":""Rukky Kofi"",""customer_phone"":""081234567891""}",true
523,"2020-01-20","2020-01-24",6000,40,"{""customer_name"":""Nero Kofi"",""customer_phone"":""0813234444444""}",true
524,"2020-01-14","2020-01-17",6000,40,"{""customer_name"":""Rukky Kofi"",""customer_phone"":""081234567891""}",true
525,"2020-01-08","2020-01-11",6000,40,"{""customer_name"":""Rukky Kofi"",""customer_phone"":""081234567891""}",true
526,"2020-01-04","2020-01-06",6000,40,"{""customer_name"":""Nero Kofi"",""customer_phone"":""0813234444444""}",true
527,"2019-12-29","2020-01-02",6000,40,"{""customer_name"":""Rukky Kofi"",""customer_phone"":""081234567891""}",true
528,"2019-12-22","2019-12-25",6000,40,"{""customer_name"":""Rukky Kofi"",""customer_phone"":""081234567891""}",true
529,"2019-12-16","2019-12-19",6000,40,"{""customer_name"":""Rukky Kofi"",""customer_phone"":""081234567891""}",true
530,"2019-12-08","2019-12-12",6000,40,"{""customer_name"":""Nero Kofi"",""customer_phone"":""0813234444444""}",true
531,"2019-12-03","2019-12-06",6000,40,"{""customer_name"":""Rukky Kofi"",""customer_phone"":""081234567891""}",true
532,"2019-11-29","2019-12-01",6000,40,"{""customer_name"":""Rukky Kofi"",""customer_phone"":""081234567891""}",true
533,"2019-11-24","2019-11-27",6000,40,"{""customer_name"":""Nero Kofi"",""customer_phone"":""0813234444444""}",true
534,"2019-11-16","2019-11-20",6000,40,"{""customer_name"":""Rukky Kofi"",""customer_phone"":""081234567891""}",true
535,"2019-11-10","2019-11-12",6000,40,"{""customer_name"":""Rukky Kofi"",""customer_phone"":""081234567891""}",true
536,"2019-11-02","2019-11-06",6000,40,"{""customer_name"":""Nero Kofi"",""customer_phone"":""0813234444444""}",true
537,"2019-10-27","2019-10-31",6000,40,"{""customer_name"":""Rukky Kofi"",""customer_phone"":""081234567891""}",true
538,"2019-10-21","2019-10-25",6000,40,"{""customer_name"":""Rukky Kofi"",""customer_phone"":""081234567891""}",true
539,"2019-10-14","2019-10-18",6000,40,"{""customer_name"":""Nero Kofi"",""customer_phone"":""0813234444444""}",true
541,"2020-04-01","2020-04-04",5000,41,"{""customer_name"":""Rukky Kofi"",""customer_phone"":""081234567891""}",true
542,"2020-03-25","2020-03-28",5000,41,"{""customer_name"":""Nero Kofi"",""customer_phone"":""0813234444444""}",true
543,"2020-03-19","2020-03-22",5000,41,"{""customer_name"":""Nero Kofi"",""customer_phone"":""0813234444444""}",true
544,"2020-03-13","2020-03-15",5000,41,"{""customer_name"":""Rukky Kofi"",""customer_phone"":""081234567891""}",true
545,"2020-03-08","2020-03-11",5000,41,"{""customer_name"":""Rukky Kofi"",""customer_phone"":""081234567891""}",true
546,"2020-03-02","2020-03-06",5000,41,"{""customer_name"":""Nero Kofi"",""customer_phone"":""0813234444444""}",true
547,"2020-02-24","2020-02-28",5000,41,"{""customer_name"":""Rukky Kofi"",""customer_phone"":""081234567891""}",true
548,"2020-02-20","2020-02-22",5000,41,"{""customer_name"":""Rukky Kofi"",""customer_phone"":""081234567891""}",true
549,"2020-02-14","2020-02-17",5000,41,"{""customer_name"":""Nero Kofi"",""customer_phone"":""0813234444444""}",true
550,"2020-02-07","2020-02-11",5000,41,"{""customer_name"":""Rukky Kofi"",""customer_phone"":""081234567891""}",true
551,"2020-02-02","2020-02-05",5000,41,"{""customer_name"":""Rukky Kofi"",""customer_phone"":""081234567891""}",true
552,"2020-01-29","2020-01-31",5000,41,"{""customer_name"":""Nero Kofi"",""customer_phone"":""0813234444444""}",true
553,"2020-01-23","2020-01-27",5000,41,"{""customer_name"":""Rukky Kofi"",""customer_phone"":""081234567891""}",true
554,"2020-01-16","2020-01-19",5000,41,"{""customer_name"":""Rukky Kofi"",""customer_phone"":""081234567891""}",true
555,"2020-01-11","2020-01-13",5000,41,"{""customer_name"":""Nero Kofi"",""customer_phone"":""0813234444444""}",true
556,"2020-01-04","2020-01-08",5000,41,"{""customer_name"":""Rukky Kofi"",""customer_phone"":""081234567891""}",true
557,"2019-12-29","2020-01-02",5000,41,"{""customer_name"":""Rukky Kofi"",""customer_phone"":""081234567891""}",true
558,"2019-12-24","2019-12-27",5000,41,"{""customer_name"":""Nero Kofi"",""customer_phone"":""0813234444444""}",true
559,"2019-12-17","2019-12-20",5000,41,"{""customer_name"":""Rukky Kofi"",""customer_phone"":""081234567891""}",true
560,"2019-12-13","2019-12-15",5000,41,"{""customer_name"":""Nero Kofi"",""customer_phone"":""0813234444444""}",true
561,"2019-12-08","2019-12-11",5000,41,"{""customer_name"":""Nero Kofi"",""customer_phone"":""0813234444444""}",true
562,"2019-12-03","2019-12-06",5000,41,"{""customer_name"":""Nero Kofi"",""customer_phone"":""0813234444444""}",true
563,"2019-11-27","2019-12-01",5000,41,"{""customer_name"":""Nero Kofi"",""customer_phone"":""0813234444444""}",true
564,"2019-11-22","2019-11-24",5000,41,"{""customer_name"":""Nero Kofi"",""customer_phone"":""0813234444444""}",true
565,"2019-11-15","2019-11-19",5000,41,"{""customer_name"":""Rukky Kofi"",""customer_phone"":""081234567891""}",true
566,"2019-11-10","2019-11-12",5000,41,"{""customer_name"":""Rukky Kofi"",""customer_phone"":""081234567891""}",true
567,"2019-11-05","2019-11-08",5000,41,"{""customer_name"":""Rukky Kofi"",""customer_phone"":""081234567891""}",true
568,"2019-10-30","2019-11-03",5000,41,"{""customer_name"":""Nero Kofi"",""customer_phone"":""0813234444444""}",true
569,"2019-10-25","2019-10-27",5000,41,"{""customer_name"":""Rukky Kofi"",""customer_phone"":""081234567891""}",true
570,"2019-10-21","2019-10-23",5000,41,"{""customer_name"":""Nero Kofi"",""customer_phone"":""0813234444444""}",true
572,"2020-03-31","2020-04-03",15000,42,"{""customer_name"":""Nero Kofi"",""customer_phone"":""0813234444444""}",true
573,"2020-03-25","2020-03-29",15000,42,"{""customer_name"":""Rukky Kofi"",""customer_phone"":""081234567891""}",true
574,"2020-03-20","2020-03-22",15000,42,"{""customer_name"":""Rukky Kofi"",""customer_phone"":""081234567891""}",true
576,"2020-03-30","2020-04-03",6000,43,"{""customer_name"":""Nero Kofi"",""customer_phone"":""0813234444444""}",true
577,"2020-03-23","2020-03-27",6000,43,"{""customer_name"":""Rukky Kofi"",""customer_phone"":""081234567891""}",true
578,"2020-03-16","2020-03-19",6000,43,"{""customer_name"":""Nero Kofi"",""customer_phone"":""0813234444444""}",true
579,"2020-03-11","2020-03-14",6000,43,"{""customer_name"":""Rukky Kofi"",""customer_phone"":""081234567891""}",true
580,"2020-03-03","2020-03-07",6000,43,"{""customer_name"":""Nero Kofi"",""customer_phone"":""0813234444444""}",true
582,"2020-03-31","2020-04-03",6000,44,"{""customer_name"":""Rukky Kofi"",""customer_phone"":""081234567891""}",true
583,"2020-03-24","2020-03-27",6000,44,"{""customer_name"":""Nero Kofi"",""customer_phone"":""0813234444444""}",true
584,"2020-03-20","2020-03-22",6000,44,"{""customer_name"":""Rukky Kofi"",""customer_phone"":""081234567891""}",true
585,"2020-03-15","2020-03-17",6000,44,"{""customer_name"":""Nero Kofi"",""customer_phone"":""0813234444444""}",true
586,"2020-03-10","2020-03-12",6000,44,"{""customer_name"":""Nero Kofi"",""customer_phone"":""0813234444444""}",true
587,"2020-03-05","2020-03-07",6000,44,"{""customer_name"":""Nero Kofi"",""customer_phone"":""0813234444444""}",true
588,"2020-02-28","2020-03-02",6000,44,"{""customer_name"":""Rukky Kofi"",""customer_phone"":""081234567891""}",true
589,"2020-02-21","2020-02-24",6000,44,"{""customer_name"":""Rukky Kofi"",""customer_phone"":""081234567891""}",true
590,"2020-02-14","2020-02-18",6000,44,"{""customer_name"":""Rukky Kofi"",""customer_phone"":""081234567891""}",true
591,"2020-02-09","2020-02-12",6000,44,"{""customer_name"":""Nero Kofi"",""customer_phone"":""0813234444444""}",true
592,"2020-02-05","2020-02-07",6000,44,"{""customer_name"":""Rukky Kofi"",""customer_phone"":""081234567891""}",true
593,"2020-01-31","2020-02-03",6000,44,"{""customer_name"":""Rukky Kofi"",""customer_phone"":""081234567891""}",true
594,"2020-01-25","2020-01-29",6000,44,"{""customer_name"":""Rukky Kofi"",""customer_phone"":""081234567891""}",true
595,"2020-01-17","2020-01-21",6000,44,"{""customer_name"":""Nero Kofi"",""customer_phone"":""0813234444444""}",true
596,"2020-01-11","2020-01-14",6000,44,"{""customer_name"":""Nero Kofi"",""customer_phone"":""0813234444444""}",true
597,"2020-01-05","2020-01-09",6000,44,"{""customer_name"":""Rukky Kofi"",""customer_phone"":""081234567891""}",true
598,"2019-12-31","2020-01-02",6000,44,"{""customer_name"":""Nero Kofi"",""customer_phone"":""0813234444444""}",true
599,"2019-12-23","2019-12-27",6000,44,"{""customer_name"":""Rukky Kofi"",""customer_phone"":""081234567891""}",true
600,"2019-12-18","2019-12-21",6000,44,"{""customer_name"":""Nero Kofi"",""customer_phone"":""0813234444444""}",true
601,"2019-12-12","2019-12-15",6000,44,"{""customer_name"":""Nero Kofi"",""customer_phone"":""0813234444444""}",true
602,"2019-12-05","2019-12-08",6000,44,"{""customer_name"":""Rukky Kofi"",""customer_phone"":""081234567891""}",true
603,"2019-11-28","2019-12-02",6000,44,"{""customer_name"":""Rukky Kofi"",""customer_phone"":""081234567891""}",true
604,"2019-11-21","2019-11-24",6000,44,"{""customer_name"":""Nero Kofi"",""customer_phone"":""0813234444444""}",true
605,"2019-11-15","2019-11-18",6000,44,"{""customer_name"":""Rukky Kofi"",""customer_phone"":""081234567891""}",true
606,"2019-11-11","2019-11-13",6000,44,"{""customer_name"":""Nero Kofi"",""customer_phone"":""0813234444444""}",true
607,"2019-11-04","2019-11-08",6000,44,"{""customer_name"":""Rukky Kofi"",""customer_phone"":""081234567891""}",true
608,"2019-10-31","2019-11-02",6000,44,"{""customer_name"":""Rukky Kofi"",""customer_phone"":""081234567891""}",true
609,"2019-10-26","2019-10-29",6000,44,"{""customer_name"":""Rukky Kofi"",""customer_phone"":""081234567891""}",true
610,"2019-10-20","2019-10-22",6000,44,"{""customer_name"":""Rukky Kofi"",""customer_phone"":""081234567891""}",true
611,"2019-10-14","2019-10-17",6000,44,"{""customer_name"":""Nero Kofi"",""customer_phone"":""0813234444444""}",true
613,"2020-04-02","2020-04-04",6000,45,"{""customer_name"":""Rukky Kofi"",""customer_phone"":""081234567891""}",true
614,"2020-03-26","2020-03-30",6000,45,"{""customer_name"":""Nero Kofi"",""customer_phone"":""0813234444444""}",true
615,"2020-03-19","2020-03-22",6000,45,"{""customer_name"":""Nero Kofi"",""customer_phone"":""0813234444444""}",true
616,"2020-03-13","2020-03-15",6000,45,"{""customer_name"":""Nero Kofi"",""customer_phone"":""0813234444444""}",true
617,"2020-03-06","2020-03-10",6000,45,"{""customer_name"":""Rukky Kofi"",""customer_phone"":""081234567891""}",true
619,"2020-03-31","2020-04-03",6000,46,"{""customer_name"":""Nero Kofi"",""customer_phone"":""0813234444444""}",true
620,"2020-03-25","2020-03-27",6000,46,"{""customer_name"":""Nero Kofi"",""customer_phone"":""0813234444444""}",true
621,"2020-03-19","2020-03-21",6000,46,"{""customer_name"":""Nero Kofi"",""customer_phone"":""0813234444444""}",true
622,"2020-03-12","2020-03-15",6000,46,"{""customer_name"":""Nero Kofi"",""customer_phone"":""0813234444444""}",true
623,"2020-03-06","2020-03-08",6000,46,"{""customer_name"":""Rukky Kofi"",""customer_phone"":""081234567891""}",true
625,"2020-04-01","2020-04-03",10000,47,"{""customer_name"":""Nero Kofi"",""customer_phone"":""0813234444444""}",true
626,"2020-03-25","2020-03-28",10000,47,"{""customer_name"":""Nero Kofi"",""customer_phone"":""0813234444444""}",true
627,"2020-03-20","2020-03-23",10000,47,"{""customer_name"":""Rukky Kofi"",""customer_phone"":""081234567891""}",true
628,"2020-03-12","2020-03-16",10000,47,"{""customer_name"":""Nero Kofi"",""customer_phone"":""0813234444444""}",true
629,"2020-03-06","2020-03-09",10000,47,"{""customer_name"":""Rukky Kofi"",""customer_phone"":""081234567891""}",true
630,"2020-02-29","2020-03-03",10000,47,"{""customer_name"":""Rukky Kofi"",""customer_phone"":""081234567891""}",true
631,"2020-02-21","2020-02-25",10000,47,"{""customer_name"":""Nero Kofi"",""customer_phone"":""0813234444444""}",true
632,"2020-02-16","2020-02-19",10000,47,"{""customer_name"":""Nero Kofi"",""customer_phone"":""0813234444444""}",true
633,"2020-02-11","2020-02-14",10000,47,"{""customer_name"":""Nero Kofi"",""customer_phone"":""0813234444444""}",true
634,"2020-02-05","2020-02-09",10000,47,"{""customer_name"":""Rukky Kofi"",""customer_phone"":""081234567891""}",true
635,"2020-01-31","2020-02-03",10000,47,"{""customer_name"":""Nero Kofi"",""customer_phone"":""0813234444444""}",true
636,"2020-01-23","2020-01-27",10000,47,"{""customer_name"":""Rukky Kofi"",""customer_phone"":""081234567891""}",true
637,"2020-01-15","2020-01-19",10000,47,"{""customer_name"":""Nero Kofi"",""customer_phone"":""0813234444444""}",true
638,"2020-01-09","2020-01-13",10000,47,"{""customer_name"":""Rukky Kofi"",""customer_phone"":""081234567891""}",true
639,"2020-01-04","2020-01-07",10000,47,"{""customer_name"":""Nero Kofi"",""customer_phone"":""0813234444444""}",true
640,"2019-12-30","2020-01-01",10000,47,"{""customer_name"":""Rukky Kofi"",""customer_phone"":""081234567891""}",true
641,"2019-12-25","2019-12-27",10000,47,"{""customer_name"":""Nero Kofi"",""customer_phone"":""0813234444444""}",true
642,"2019-12-20","2019-12-23",10000,47,"{""customer_name"":""Rukky Kofi"",""customer_phone"":""081234567891""}",true
643,"2019-12-12","2019-12-16",10000,47,"{""customer_name"":""Rukky Kofi"",""customer_phone"":""081234567891""}",true
644,"2019-12-06","2019-12-09",10000,47,"{""customer_name"":""Rukky Kofi"",""customer_phone"":""081234567891""}",true
645,"2019-11-29","2019-12-02",10000,47,"{""customer_name"":""Nero Kofi"",""customer_phone"":""0813234444444""}",true
646,"2019-11-23","2019-11-25",10000,47,"{""customer_name"":""Rukky Kofi"",""customer_phone"":""081234567891""}",true
647,"2019-11-17","2019-11-20",10000,47,"{""customer_name"":""Rukky Kofi"",""customer_phone"":""081234567891""}",true
648,"2019-11-11","2019-11-13",10000,47,"{""customer_name"":""Nero Kofi"",""customer_phone"":""0813234444444""}",true
649,"2019-11-05","2019-11-07",10000,47,"{""customer_name"":""Rukky Kofi"",""customer_phone"":""081234567891""}",true
650,"2019-10-31","2019-11-02",10000,47,"{""customer_name"":""Nero Kofi"",""customer_phone"":""0813234444444""}",true
651,"2019-10-26","2019-10-28",10000,47,"{""customer_name"":""Rukky Kofi"",""customer_phone"":""081234567891""}",true
652,"2019-10-20","2019-10-23",10000,47,"{""customer_name"":""Nero Kofi"",""customer_phone"":""0813234444444""}",true
653,"2019-10-13","2019-10-17",10000,47,"{""customer_name"":""Nero Kofi"",""customer_phone"":""0813234444444""}",true
654,"2019-10-06","2019-10-10",10000,47,"{""customer_name"":""Rukky Kofi"",""customer_phone"":""081234567891""}",true
656,"2020-04-01","2020-04-04",6000,48,"{""customer_name"":""Rukky Kofi"",""customer_phone"":""081234567891""}",true
657,"2020-03-26","2020-03-28",6000,48,"{""customer_name"":""Rukky Kofi"",""customer_phone"":""081234567891""}",true
658,"2020-03-20","2020-03-24",6000,48,"{""customer_name"":""Nero Kofi"",""customer_phone"":""0813234444444""}",true
659,"2020-03-16","2020-03-18",6000,48,"{""customer_name"":""Nero Kofi"",""customer_phone"":""0813234444444""}",true
660,"2020-03-09","2020-03-13",6000,48,"{""customer_name"":""Rukky Kofi"",""customer_phone"":""081234567891""}",true
662,"2020-03-29","2020-04-02",6000,49,"{""customer_name"":""Rukky Kofi"",""customer_phone"":""081234567891""}",true
663,"2020-03-23","2020-03-27",6000,49,"{""customer_name"":""Nero Kofi"",""customer_phone"":""0813234444444""}",true
664,"2020-03-18","2020-03-21",6000,49,"{""customer_name"":""Nero Kofi"",""customer_phone"":""0813234444444""}",true
665,"2020-03-11","2020-03-14",6000,49,"{""customer_name"":""Rukky Kofi"",""customer_phone"":""081234567891""}",true
666,"2020-03-06","2020-03-09",6000,49,"{""customer_name"":""Nero Kofi"",""customer_phone"":""0813234444444""}",true
667,"2020-02-28","2020-03-03",6000,49,"{""customer_name"":""Rukky Kofi"",""customer_phone"":""081234567891""}",true
668,"2020-02-24","2020-02-26",6000,49,"{""customer_name"":""Nero Kofi"",""customer_phone"":""0813234444444""}",true
669,"2020-02-18","2020-02-20",6000,49,"{""customer_name"":""Rukky Kofi"",""customer_phone"":""081234567891""}",true
670,"2020-02-13","2020-02-16",6000,49,"{""customer_name"":""Nero Kofi"",""customer_phone"":""0813234444444""}",true
671,"2020-02-08","2020-02-10",6000,49,"{""customer_name"":""Nero Kofi"",""customer_phone"":""0813234444444""}",true
672,"2020-02-02","2020-02-04",6000,49,"{""customer_name"":""Nero Kofi"",""customer_phone"":""0813234444444""}",true
673,"2020-01-28","2020-01-30",6000,49,"{""customer_name"":""Nero Kofi"",""customer_phone"":""0813234444444""}",true
674,"2020-01-21","2020-01-25",6000,49,"{""customer_name"":""Nero Kofi"",""customer_phone"":""0813234444444""}",true
675,"2020-01-16","2020-01-19",6000,49,"{""customer_name"":""Nero Kofi"",""customer_phone"":""0813234444444""}",true
676,"2020-01-11","2020-01-14",6000,49,"{""customer_name"":""Nero Kofi"",""customer_phone"":""0813234444444""}",true
677,"2020-01-04","2020-01-08",6000,49,"{""customer_name"":""Rukky Kofi"",""customer_phone"":""081234567891""}",true
678,"2019-12-29","2020-01-02",6000,49,"{""customer_name"":""Rukky Kofi"",""customer_phone"":""081234567891""}",true
679,"2019-12-23","2019-12-27",6000,49,"{""customer_name"":""Rukky Kofi"",""customer_phone"":""081234567891""}",true
680,"2019-12-16","2019-12-20",6000,49,"{""customer_name"":""Rukky Kofi"",""customer_phone"":""081234567891""}",true
681,"2019-12-08","2019-12-12",6000,49,"{""customer_name"":""Rukky Kofi"",""customer_phone"":""081234567891""}",true
682,"2019-12-02","2019-12-06",6000,49,"{""customer_name"":""Rukky Kofi"",""customer_phone"":""081234567891""}",true
683,"2019-11-28","2019-11-30",6000,49,"{""customer_name"":""Rukky Kofi"",""customer_phone"":""081234567891""}",true
684,"2019-11-23","2019-11-26",6000,49,"{""customer_name"":""Rukky Kofi"",""customer_phone"":""081234567891""}",true
685,"2019-11-18","2019-11-21",6000,49,"{""customer_name"":""Rukky Kofi"",""customer_phone"":""081234567891""}",true
686,"2019-11-11","2019-11-14",6000,49,"{""customer_name"":""Nero Kofi"",""customer_phone"":""0813234444444""}",true
687,"2019-11-04","2019-11-08",6000,49,"{""customer_name"":""Nero Kofi"",""customer_phone"":""0813234444444""}",true
688,"2019-10-27","2019-10-31",6000,49,"{""customer_name"":""Nero Kofi"",""customer_phone"":""0813234444444""}",true
689,"2019-10-22","2019-10-24",6000,49,"{""customer_name"":""Nero Kofi"",""customer_phone"":""0813234444444""}",true
690,"2019-10-17","2019-10-19",6000,49,"{""customer_name"":""Nero Kofi"",""customer_phone"":""0813234444444""}",true
691,"2019-10-11","2019-10-14",6000,49,"{""customer_name"":""Rukky Kofi"",""customer_phone"":""081234567891""}",true
693,"2020-04-01","2020-04-03",15000,50,"{""customer_name"":""Rukky Kofi"",""customer_phone"":""081234567891""}",true
694,"2020-03-27","2020-03-30",15000,50,"{""customer_name"":""Nero Kofi"",""customer_phone"":""0813234444444""}",true
695,"2020-03-20","2020-03-24",15000,50,"{""customer_name"":""Rukky Kofi"",""customer_phone"":""081234567891""}",true
696,"2020-03-15","2020-03-18",15000,50,"{""customer_name"":""Nero Kofi"",""customer_phone"":""0813234444444""}",true
697,"2020-03-10","2020-03-13",15000,50,"{""customer_name"":""Nero Kofi"",""customer_phone"":""0813234444444""}",true
699,"2020-04-01","2020-04-03",5000,51,"{""customer_name"":""Rukky Kofi"",""customer_phone"":""081234567891""}",true
700,"2020-03-27","2020-03-29",5000,51,"{""customer_name"":""Nero Kofi"",""customer_phone"":""0813234444444""}",true
701,"2020-03-21","2020-03-23",5000,51,"{""customer_name"":""Nero Kofi"",""customer_phone"":""0813234444444""}",true
702,"2020-03-16","2020-03-18",5000,51,"{""customer_name"":""Nero Kofi"",""customer_phone"":""0813234444444""}",true
703,"2020-03-12","2020-03-14",5000,51,"{""customer_name"":""Rukky Kofi"",""customer_phone"":""081234567891""}",true
704,"2020-03-31","2020-04-04",6000,52,"{""customer_name"":""Nero Kofi"",""customer_phone"":""0813234444444""}",true
705,"2020-03-25","2020-03-29",6000,52,"{""customer_name"":""Rukky Kofi"",""customer_phone"":""081234567891""}",true
706,"2020-03-19","2020-03-23",6000,52,"{""customer_name"":""Nero Kofi"",""customer_phone"":""0813234444444""}",true
707,"2020-03-15","2020-03-17",6000,52,"{""customer_name"":""Nero Kofi"",""customer_phone"":""0813234444444""}",true
708,"2020-03-09","2020-03-13",6000,52,"{""customer_name"":""Nero Kofi"",""customer_phone"":""0813234444444""}",true
709,"2020-03-31","2020-04-03",6000,53,"{""customer_name"":""Nero Kofi"",""customer_phone"":""0813234444444""}",true
710,"2020-03-26","2020-03-28",6000,53,"{""customer_name"":""Nero Kofi"",""customer_phone"":""0813234444444""}",true
711,"2020-03-20","2020-03-22",6000,53,"{""customer_name"":""Rukky Kofi"",""customer_phone"":""081234567891""}",true
712,"2020-03-12","2020-03-16",6000,53,"{""customer_name"":""Nero Kofi"",""customer_phone"":""0813234444444""}",true
713,"2020-03-06","2020-03-09",6000,53,"{""customer_name"":""Rukky Kofi"",""customer_phone"":""081234567891""}",true
714,"2020-03-31","2020-04-04",10000,54,"{""customer_name"":""Rukky Kofi"",""customer_phone"":""081234567891""}",true
715,"2020-03-23","2020-03-27",10000,54,"{""customer_name"":""Rukky Kofi"",""customer_phone"":""081234567891""}",true
716,"2020-03-16","2020-03-20",10000,54,"{""customer_name"":""Rukky Kofi"",""customer_phone"":""081234567891""}",true
717,"2020-03-10","2020-03-12",10000,54,"{""customer_name"":""Rukky Kofi"",""customer_phone"":""081234567891""}",true
718,"2020-03-04","2020-03-07",10000,54,"{""customer_name"":""Rukky Kofi"",""customer_phone"":""081234567891""}",true
719,"2020-02-25","2020-02-29",10000,54,"{""customer_name"":""Rukky Kofi"",""customer_phone"":""081234567891""}",true
720,"2020-02-19","2020-02-22",10000,54,"{""customer_name"":""Nero Kofi"",""customer_phone"":""0813234444444""}",true
721,"2020-02-13","2020-02-17",10000,54,"{""customer_name"":""Nero Kofi"",""customer_phone"":""0813234444444""}",true
722,"2020-02-07","2020-02-11",10000,54,"{""customer_name"":""Nero Kofi"",""customer_phone"":""0813234444444""}",true
723,"2020-01-30","2020-02-03",10000,54,"{""customer_name"":""Rukky Kofi"",""customer_phone"":""081234567891""}",true
724,"2020-01-25","2020-01-28",10000,54,"{""customer_name"":""Nero Kofi"",""customer_phone"":""0813234444444""}",true
725,"2020-01-17","2020-01-21",10000,54,"{""customer_name"":""Rukky Kofi"",""customer_phone"":""081234567891""}",true
726,"2020-01-12","2020-01-15",10000,54,"{""customer_name"":""Rukky Kofi"",""customer_phone"":""081234567891""}",true
727,"2020-01-07","2020-01-09",10000,54,"{""customer_name"":""Rukky Kofi"",""customer_phone"":""081234567891""}",true
728,"2020-01-02","2020-01-05",10000,54,"{""customer_name"":""Nero Kofi"",""customer_phone"":""0813234444444""}",true
729,"2019-12-25","2019-12-29",10000,54,"{""customer_name"":""Nero Kofi"",""customer_phone"":""0813234444444""}",true
730,"2019-12-19","2019-12-22",10000,54,"{""customer_name"":""Nero Kofi"",""customer_phone"":""0813234444444""}",true
731,"2019-12-12","2019-12-15",10000,54,"{""customer_name"":""Rukky Kofi"",""customer_phone"":""081234567891""}",true
732,"2019-12-06","2019-12-08",10000,54,"{""customer_name"":""Nero Kofi"",""customer_phone"":""0813234444444""}",true
733,"2019-12-01","2019-12-04",10000,54,"{""customer_name"":""Rukky Kofi"",""customer_phone"":""081234567891""}",true
734,"2019-11-26","2019-11-28",10000,54,"{""customer_name"":""Rukky Kofi"",""customer_phone"":""081234567891""}",true
735,"2019-11-20","2019-11-24",10000,54,"{""customer_name"":""Nero Kofi"",""customer_phone"":""0813234444444""}",true
736,"2019-11-14","2019-11-18",10000,54,"{""customer_name"":""Rukky Kofi"",""customer_phone"":""081234567891""}",true
737,"2019-11-08","2019-11-12",10000,54,"{""customer_name"":""Nero Kofi"",""customer_phone"":""0813234444444""}",true
738,"2019-11-03","2019-11-05",10000,54,"{""customer_name"":""Rukky Kofi"",""customer_phone"":""081234567891""}",true
739,"2019-10-28","2019-10-30",10000,54,"{""customer_name"":""Nero Kofi"",""customer_phone"":""0813234444444""}",true
740,"2019-10-22","2019-10-24",10000,54,"{""customer_name"":""Nero Kofi"",""customer_phone"":""0813234444444""}",true
741,"2019-10-15","2019-10-18",10000,54,"{""customer_name"":""Nero Kofi"",""customer_phone"":""0813234444444""}",true
742,"2019-10-08","2019-10-11",10000,54,"{""customer_name"":""Nero Kofi"",""customer_phone"":""0813234444444""}",true
743,"2019-09-30","2019-10-04",10000,54,"{""customer_name"":""Nero Kofi"",""customer_phone"":""0813234444444""}",true
744,"2020-04-01","2020-04-04",10000,55,"{""customer_name"":""Nero Kofi"",""customer_phone"":""0813234444444""}",true
745,"2020-03-25","2020-03-28",10000,55,"{""customer_name"":""Nero Kofi"",""customer_phone"":""0813234444444""}",true
746,"2020-03-18","2020-03-21",10000,55,"{""customer_name"":""Nero Kofi"",""customer_phone"":""0813234444444""}",true
747,"2020-03-12","2020-03-15",10000,55,"{""customer_name"":""Rukky Kofi"",""customer_phone"":""081234567891""}",true
748,"2020-03-07","2020-03-09",10000,55,"{""customer_name"":""Nero Kofi"",""customer_phone"":""0813234444444""}",true
749,"2020-03-29","2020-04-02",10000,56,"{""customer_name"":""Rukky Kofi"",""customer_phone"":""081234567891""}",true
750,"2020-03-24","2020-03-27",10000,56,"{""customer_name"":""Nero Kofi"",""customer_phone"":""0813234444444""}",true
751,"2020-03-18","2020-03-22",10000,56,"{""customer_name"":""Rukky Kofi"",""customer_phone"":""081234567891""}",true
752,"2020-03-30","2020-04-03",6000,57,"{""customer_name"":""Rukky Kofi"",""customer_phone"":""081234567891""}",true
753,"2020-03-25","2020-03-28",6000,57,"{""customer_name"":""Rukky Kofi"",""customer_phone"":""081234567891""}",true
754,"2020-03-19","2020-03-23",6000,57,"{""customer_name"":""Nero Kofi"",""customer_phone"":""0813234444444""}",true
755,"2020-03-14","2020-03-16",6000,57,"{""customer_name"":""Nero Kofi"",""customer_phone"":""0813234444444""}",true
756,"2020-03-08","2020-03-11",6000,57,"{""customer_name"":""Nero Kofi"",""customer_phone"":""0813234444444""}",true
757,"2020-03-03","2020-03-06",6000,57,"{""customer_name"":""Nero Kofi"",""customer_phone"":""0813234444444""}",true
758,"2020-02-26","2020-02-29",6000,57,"{""customer_name"":""Rukky Kofi"",""customer_phone"":""081234567891""}",true
759,"2020-02-21","2020-02-23",6000,57,"{""customer_name"":""Nero Kofi"",""customer_phone"":""0813234444444""}",true
760,"2020-02-16","2020-02-19",6000,57,"{""customer_name"":""Nero Kofi"",""customer_phone"":""0813234444444""}",true
761,"2020-02-09","2020-02-13",6000,57,"{""customer_name"":""Nero Kofi"",""customer_phone"":""0813234444444""}",true
762,"2020-02-02","2020-02-05",6000,57,"{""customer_name"":""Nero Kofi"",""customer_phone"":""0813234444444""}",true
763,"2020-01-25","2020-01-29",6000,57,"{""customer_name"":""Nero Kofi"",""customer_phone"":""0813234444444""}",true
764,"2020-01-19","2020-01-23",6000,57,"{""customer_name"":""Nero Kofi"",""customer_phone"":""0813234444444""}",true
765,"2020-01-13","2020-01-17",6000,57,"{""customer_name"":""Nero Kofi"",""customer_phone"":""0813234444444""}",true
766,"2020-01-09","2020-01-11",6000,57,"{""customer_name"":""Nero Kofi"",""customer_phone"":""0813234444444""}",true
767,"2020-01-03","2020-01-05",6000,57,"{""customer_name"":""Nero Kofi"",""customer_phone"":""0813234444444""}",true
768,"2019-12-28","2019-12-30",6000,57,"{""customer_name"":""Nero Kofi"",""customer_phone"":""0813234444444""}",true
769,"2019-12-22","2019-12-26",6000,57,"{""customer_name"":""Rukky Kofi"",""customer_phone"":""081234567891""}",true
770,"2019-12-17","2019-12-19",6000,57,"{""customer_name"":""Rukky Kofi"",""customer_phone"":""081234567891""}",true
771,"2019-12-09","2019-12-13",6000,57,"{""customer_name"":""Rukky Kofi"",""customer_phone"":""081234567891""}",true
772,"2019-12-04","2019-12-07",6000,57,"{""customer_name"":""Nero Kofi"",""customer_phone"":""0813234444444""}",true
773,"2019-11-28","2019-11-30",6000,57,"{""customer_name"":""Nero Kofi"",""customer_phone"":""0813234444444""}",true
774,"2019-11-22","2019-11-25",6000,57,"{""customer_name"":""Rukky Kofi"",""customer_phone"":""081234567891""}",true
775,"2019-11-14","2019-11-18",6000,57,"{""customer_name"":""Rukky Kofi"",""customer_phone"":""081234567891""}",true
776,"2019-11-08","2019-11-10",6000,57,"{""customer_name"":""Rukky Kofi"",""customer_phone"":""081234567891""}",true
777,"2019-10-31","2019-11-04",6000,57,"{""customer_name"":""Nero Kofi"",""customer_phone"":""0813234444444""}",true
778,"2019-10-25","2019-10-28",6000,57,"{""customer_name"":""Rukky Kofi"",""customer_phone"":""081234567891""}",true
779,"2019-10-19","2019-10-21",6000,57,"{""customer_name"":""Rukky Kofi"",""customer_phone"":""081234567891""}",true
780,"2019-10-12","2019-10-15",6000,57,"{""customer_name"":""Nero Kofi"",""customer_phone"":""0813234444444""}",true
781,"2019-10-06","2019-10-10",6000,57,"{""customer_name"":""Rukky Kofi"",""customer_phone"":""081234567891""}",true
782,"2020-03-31","2020-04-02",6000,58,"{""customer_name"":""Rukky Kofi"",""customer_phone"":""081234567891""}",true
783,"2020-03-23","2020-03-27",6000,58,"{""customer_name"":""Rukky Kofi"",""customer_phone"":""081234567891""}",true
784,"2020-03-18","2020-03-21",6000,58,"{""customer_name"":""Rukky Kofi"",""customer_phone"":""081234567891""}",true
785,"2020-03-31","2020-04-04",15000,59,"{""customer_name"":""Rukky Kofi"",""customer_phone"":""081234567891""}",true
786,"2020-03-25","2020-03-28",15000,59,"{""customer_name"":""Rukky Kofi"",""customer_phone"":""081234567891""}",true
787,"2020-03-19","2020-03-22",15000,59,"{""customer_name"":""Rukky Kofi"",""customer_phone"":""081234567891""}",true
788,"2020-03-13","2020-03-17",15000,59,"{""customer_name"":""Nero Kofi"",""customer_phone"":""0813234444444""}",true
789,"2020-03-06","2020-03-09",15000,59,"{""customer_name"":""Rukky Kofi"",""customer_phone"":""081234567891""}",true
790,"2020-02-29","2020-03-02",15000,59,"{""customer_name"":""Nero Kofi"",""customer_phone"":""0813234444444""}",true
791,"2020-02-25","2020-02-27",15000,59,"{""customer_name"":""Nero Kofi"",""customer_phone"":""0813234444444""}",true
792,"2020-02-21","2020-02-23",15000,59,"{""customer_name"":""Rukky Kofi"",""customer_phone"":""081234567891""}",true
793,"2020-02-17","2020-02-19",15000,59,"{""customer_name"":""Nero Kofi"",""customer_phone"":""0813234444444""}",true
794,"2020-02-11","2020-02-13",15000,59,"{""customer_name"":""Nero Kofi"",""customer_phone"":""0813234444444""}",true
795,"2020-02-05","2020-02-09",15000,59,"{""customer_name"":""Nero Kofi"",""customer_phone"":""0813234444444""}",true
796,"2020-01-29","2020-02-01",15000,59,"{""customer_name"":""Nero Kofi"",""customer_phone"":""0813234444444""}",true
797,"2020-01-22","2020-01-26",15000,59,"{""customer_name"":""Nero Kofi"",""customer_phone"":""0813234444444""}",true
798,"2020-01-15","2020-01-19",15000,59,"{""customer_name"":""Nero Kofi"",""customer_phone"":""0813234444444""}",true
799,"2020-01-08","2020-01-11",15000,59,"{""customer_name"":""Nero Kofi"",""customer_phone"":""0813234444444""}",true
800,"2020-01-02","2020-01-04",15000,59,"{""customer_name"":""Nero Kofi"",""customer_phone"":""0813234444444""}",true
801,"2019-12-25","2019-12-29",15000,59,"{""customer_name"":""Rukky Kofi"",""customer_phone"":""081234567891""}",true
802,"2019-12-18","2019-12-22",15000,59,"{""customer_name"":""Rukky Kofi"",""customer_phone"":""081234567891""}",true
803,"2019-12-11","2019-12-14",15000,59,"{""customer_name"":""Rukky Kofi"",""customer_phone"":""081234567891""}",true
804,"2019-12-05","2019-12-07",15000,59,"{""customer_name"":""Nero Kofi"",""customer_phone"":""0813234444444""}",true
805,"2019-11-28","2019-12-02",15000,59,"{""customer_name"":""Rukky Kofi"",""customer_phone"":""081234567891""}",true
806,"2019-11-22","2019-11-25",15000,59,"{""customer_name"":""Nero Kofi"",""customer_phone"":""0813234444444""}",true
807,"2019-11-17","2019-11-20",15000,59,"{""customer_name"":""Nero Kofi"",""customer_phone"":""0813234444444""}",true
808,"2019-11-10","2019-11-13",15000,59,"{""customer_name"":""Rukky Kofi"",""customer_phone"":""081234567891""}",true
809,"2019-11-03","2019-11-07",15000,59,"{""customer_name"":""Nero Kofi"",""customer_phone"":""0813234444444""}",true
810,"2019-10-29","2019-10-31",15000,59,"{""customer_name"":""Rukky Kofi"",""customer_phone"":""081234567891""}",true
811,"2019-10-24","2019-10-27",15000,59,"{""customer_name"":""Rukky Kofi"",""customer_phone"":""081234567891""}",true
812,"2019-10-18","2019-10-21",15000,59,"{""customer_name"":""Rukky Kofi"",""customer_phone"":""081234567891""}",true
813,"2019-10-10","2019-10-14",15000,59,"{""customer_name"":""Rukky Kofi"",""customer_phone"":""081234567891""}",true
814,"2019-10-02","2019-10-06",15000,59,"{""customer_name"":""Rukky Kofi"",""customer_phone"":""081234567891""}",true
815,"2020-03-29","2020-04-02",15000,60,"{""customer_name"":""Nero Kofi"",""customer_phone"":""0813234444444""}",true
816,"2020-03-24","2020-03-26",15000,60,"{""customer_name"":""Nero Kofi"",""customer_phone"":""0813234444444""}",true
817,"2020-03-19","2020-03-21",15000,60,"{""customer_name"":""Nero Kofi"",""customer_phone"":""0813234444444""}",true