1,1000,1,5,1,"portion","White Rice","2020-03-07",1000
2,2000,1,6,2,"portion","Fried Rice","2020-03-07",1000
3,1000,2,5,1,"portion","White Rice","2020-04-02",1000
4,700,2,1,1,"bottle","Coca Cola","2020-04-02",700
5,3000,2,6,3,"portion","Fried Rice","2020-04-02",1000
6,3600,2,2,3,"bottle","Heineken","2020-04-02",1200
7,1000,2,7,1,"portion","Turkey","2020-04-02",1000
8,800,2,3,1,"bottle","Hollandia","2020-04-02",800
9,3000,3,5,3,"portion","White Rice","2020-04-02",1000
10,2100,3,1,3,"bottle","Coca Cola","2020-04-02",700
11,3000,3,6,3,"portion","Fried Rice","2020-04-02",1000
12,3600,3,2,3,"bottle","Heineken","2020-04-02",1200
13,2000,3,7,2,"portion","Turkey","2020-04-02",1000
14,1600,3,3,2,"bottle","Hollandia","2020-04-02",800
15,350,3,8,1,"portion","Eba","2020-04-02",350
16,800,3,4,1,"bottle","Fanta","2020-04-02",800
17,700,4,1,1,"bottle","Coca Cola","2020-03-07",700
18,1200,4,2,1,"bottle","Heineken","2020-03-07",1200
19,1400,5,1,2,"bottle","Coca Cola","2020-04-06",700
20,1400,6,1,2,"bottle","Coca Cola","2020-04-06",700
21,1200,6,2,1,"bottle","Heineken","2020-04-06",1200
22,2400,6,3,3,"bottle","Hollandia","2020-04-06",800
23,1600,6,4,2,"bottle","Fanta","2020-04-06",800
24,2000,7,5,2,"portion","White Rice","2020-02-06",1000
25,3000,7,6,3,"portion","Fried Rice","2020-02-06",1000
26,2000,7,7,2,"portion","Turkey","2020-02-06",1000
27,350,7,8,1,"portion","Eba","2020-02-06",350
28,2000,8,5,2,"portion","White Rice","2020-02-06",1000
29,1000,8,6,1,"portion","Fried Rice","2020-02-06",1000
30,1000,9,5,1,"portion","White Rice","2020-04-06",1000
31,2000,9,6,2,"portion","Fried Rice","2020-04-06",1000
32,1000,9,7,1,"portion","Turkey","2020-04-06",1000
33,1050,9,8,3,"portion","Eba","2020-04-06",350
34,2000,10,5,2,"portion","White Rice","2020-04-02",1000
35,1000,10,6,1,"portion","Fried Rice","2020-04-02",1000
36,1000,10,7,1,"portion","Turkey","2020-04-02",1000
37,1050,10,8,3,"portion","Eba","2020-04-02",350
38,2000,11,5,2,"portion","White Rice","2020-03-07",1000
39,2000,11,6,2,"portion","Fried Rice","2020-03-07",1000
40,1000,11,7,1,"portion","Turkey","2020-03-07",1000
41,1000,12,5,1,"portion","White Rice","2020-04-02",1000
42,700,13,1,1,"bottle","Coca Cola","2020-02-06",700
43,1200,13,2,1,"bottle","Heineken","2020-02-06",1200
44,800,13,3,1,"bottle","Hollandia","2020-02-06",800
45,2400,13,4,3,"bottle","Fanta","2020-02-06",800
46,1000,14,5,1,"portion","White Rice","2020-04-06",1000
47,700,14,1,1,"bottle","Coca Cola","2020-04-06",700
48,3000,14,6,3,"portion","Fried Rice","2020-04-06",1000
49,3600,14,2,3,"bottle","Heineken","2020-04-06",1200
50,3000,14,7,3,"portion","Turkey","2020-04-06",1000
51,2400,14,3,3,"bottle","Hollandia","2020-04-06",800
52,350,14,8,1,"portion","Eba","2020-04-06",350
53,800,14,4,1,"bottle","Fanta","2020-04-06",800
54,2000,15,5,2,"portion","White Rice","2020-02-06",1000
55,1400,15,1,2,"bottle","Coca Cola","2020-02-06",700
56,1000,15,6,1,"portion","Fried Rice","2020-02-06",1000
57,1200,15,2,1,"bottle","Heineken","2020-02-06",1200
58,1000,15,7,1,"portion","Turkey","2020-02-06",1000
59,800,15,3,1,"bottle","Hollandia","2020-02-06",800
60,1050,15,8,3,"portion","Eba","2020-02-06",350
61,2400,15,4,3,"bottle","Fanta","2020-02-06",800
62,3000,16,5,3,"portion","White Rice","2020-04-02",1000
63,1000,16,6,1,"portion","Fried Rice","2020-04-02",1000
64,2000,17,5,2,"portion","White Rice","2020-04-06",1000
65,2000,17,6,2,"portion","Fried Rice","2020-04-06",1000
66,2000,17,7,2,"portion","Turkey","2020-04-06",1000
67,700,18,1,1,"bottle","Coca Cola","2020-02-06",700
68,1200,18,2,1,"bottle","Heineken","2020-02-06",1200
69,1600,18,3,2,"bottle","Hollandia","2020-02-06",800
70,1400,19,1,2,"bottle","Coca Cola","2020-04-06",700
71,2000,20,5,2,"portion","White Rice","2020-02-06",1000
72,1400,20,1,2,"bottle","Coca Cola","2020-02-06",700
73,2000,20,6,2,"portion","Fried Rice","2020-02-06",1000
74,2400,20,2,2,"bottle","Heineken","2020-02-06",1200
75,3000,20,7,3,"portion","Turkey","2020-02-06",1000
76,2400,20,3,3,"bottle","Hollandia","2020-02-06",800
77,2000,21,5,2,"portion","White Rice","2020-04-02",1000
78,1400,21,1,2,"bottle","Coca Cola","2020-04-02",700
79,700,22,1,1,"bottle","Coca Cola","2020-04-02",700
80,2400,22,2,2,"bottle","Heineken","2020-04-02",1200
81,2400,22,3,3,"bottle","Hollandia","2020-04-02",800
82,1000,23,5,1,"portion","White Rice","2020-04-06",1000
83,2000,24,5,2,"portion","White Rice","2020-03-07",1000
84,1400,24,1,2,"bottle","Coca Cola","2020-03-07",700
85,3000,24,6,3,"portion","Fried Rice","2020-03-07",1000
86,3600,24,2,3,"bottle","Heineken","2020-03-07",1200
87,2000,24,7,2,"portion","Turkey","2020-03-07",1000
88,1600,24,3,2,"bottle","Hollandia","2020-03-07",800
89,3000,25,5,3,"portion","White Rice","2020-04-02",1000
90,2000,25,6,2,"portion","Fried Rice","2020-04-02",1000
91,2000,25,7,2,"portion","Turkey","2020-04-02",1000
92,700,25,8,2,"portion","Eba","2020-04-02",350
93,1000,26,5,1,"portion","White Rice","2020-03-07",1000
94,700,26,1,1,"bottle","Coca Cola","2020-03-07",700
95,1400,27,1,2,"bottle","Coca Cola","2020-04-02",700
96,3600,27,2,3,"bottle","Heineken","2020-04-02",1200
97,1400,28,1,2,"bottle","Coca Cola","2020-04-02",700
98,1200,28,2,1,"bottle","Heineken","2020-04-02",1200
99,1000,29,5,1,"portion","White Rice","2020-04-02",1000
100,700,29,1,1,"bottle","Coca Cola","2020-04-02",700
101,700,30,1,1,"bottle","Coca Cola","2020-03-07",700
102,1200,30,2,1,"bottle","Heineken","2020-03-07",1200
103,2000,31,5,2,"portion","White Rice","2020-04-06",1000
104,1400,31,1,2,"bottle","Coca Cola","2020-04-06",700
105,1000,31,6,1,"portion","Fried Rice","2020-04-06",1000
106,1200,31,2,1,"bottle","Heineken","2020-04-06",1200
107,1000,31,7,1,"portion","Turkey","2020-04-06",1000
108,800,31,3,1,"bottle","Hollandia","2020-04-06",800
109,1000,32,5,1,"portion","White Rice","2020-04-06",1000
110,700,32,1,1,"bottle","Coca Cola","2020-04-06",700
111,3000,32,6,3,"portion","Fried Rice","2020-04-06",1000
112,3600,32,2,3,"bottle","Heineken","2020-04-06",1200
113,1000,32,7,1,"portion","Turkey","2020-04-06",1000
114,800,32,3,1,"bottle","Hollandia","2020-04-06",800
115,2000,33,5,2,"portion","White Rice","2020-03-07",1000
116,3000,34,5,3,"portion","White Rice","2020-03-07",1000
117,2100,34,1,3,"bottle","Coca Cola","2020-03-07",700
118,3000,34,6,3,"portion","Fried Rice","2020-03-07",1000
119,3600,34,2,3,"bottle","Heineken","2020-03-07",1200
120,3000,34,7,3,"portion","Turkey","2020-03-07",1000
121,2400,34,3,3,"bottle","Hollandia","2020-03-07",800
122,1400,35,1,2,"bottle","Coca Cola","2020-04-06",700
123,3600,35,2,3,"bottle","Heineken","2020-04-06",1200
124,1000,36,5,1,"portion","White Rice","2020-04-06",1000
125,700,36,1,1,"bottle","Coca Cola","2020-04-06",700
126,1000,36,6,1,"portion","Fried Rice","2020-04-06",1000
127,1200,36,2,1,"bottle","Heineken","2020-04-06",1200
128,3000,36,7,3,"portion","Turkey","2020-04-06",1000
129,2400,36,3,3,"bottle","Hollandia","2020-04-06",800
130,1000,37,5,1,"portion","White Rice","2020-04-02",1000
131,700,37,1,1,"bottle","Coca Cola","2020-04-02",700
132,2000,37,6,2,"portion","Fried Rice","2020-04-02",1000
133,2400,37,2,2,"bottle","Heineken","2020-04-02",1200
134,2000,38,5,2,"portion","White Rice","2020-03-07",1000
135,3000,38,6,3,"portion","Fried Rice","2020-03-07",1000
136,2000,39,5,2,"portion","White Rice","2020-04-06",1000
137,1400,39,1,2,"bottle","Coca Cola","2020-04-06",700
138,2000,39,6,2,"portion","Fried Rice","2020-04-06",1000
139,2400,39,2,2,"bottle","Heineken","2020-04-06",1200
140,3000,40,5,3,"portion","White Rice","2020-04-02",1000
141,2100,40,1,3,"bottle","Coca Cola","2020-04-02",700
142,3000,40,6,3,"portion","Fried Rice","2020-04-02",1000
143,3600,40,2,3,"bottle","Heineken","2020-04-02",1200
144,2000,40,7,2,"portion","Turkey","2020-04-02",1000
145,1600,40,3,2,"bottle","Hollandia","2020-04-02",800
146,700,40,8,2,"portion","Eba","2020-04-02",350
147,1600,40,4,2,"bottle","Fanta","2020-04-02",800
148,1000,41,5,1,"portion","White Rice","2020-04-02",1000
149,700,41,1,1,"bottle","Coca Cola","2020-04-02",700
150,2000,41,6,2,"portion","Fried Rice","2020-04-02",1000
151,2400,41,2,2,"bottle","Heineken","2020-04-02",1200
152,2000,41,7,2,"portion","Turkey","2020-04-02",1000
153,1600,41,3,2,"bottle","Hollandia","2020-04-02",800
154,700,41,8,2,"portion","Eba","2020-04-02",350
155,1600,41,4,2,"bottle","Fanta","2020-04-02",800
156,700,42,1,1,"bottle","Coca Cola","2020-04-06",700
157,700,43,1,1,"bottle","Coca Cola","2020-02-06",700
158,700,44,1,1,"bottle","Coca Cola","2020-04-06",700
159,1200,44,2,1,"bottle","Heineken","2020-04-06",1200
160,1000,45,5,1,"portion","White Rice","2020-04-06",1000
161,1000,45,6,1,"portion","Fried Rice","2020-04-06",1000
162,1000,45,7,1,"portion","Turkey","2020-04-06",1000
163,2000,46,5,2,"portion","White Rice","2020-04-06",1000
164,2000,46,6,2,"portion","Fried Rice","2020-04-06",1000
165,700,47,1,1,"bottle","Coca Cola","2020-04-02",700
166,2400,47,2,2,"bottle","Heineken","2020-04-02",1200
167,1600,47,3,2,"bottle","Hollandia","2020-04-02",800
168,2000,48,5,2,"portion","White Rice","2020-04-06",1000
169,1000,48,6,1,"portion","Fried Rice","2020-04-06",1000
170,2000,48,7,2,"portion","Turkey","2020-04-06",1000
171,2100,49,1,3,"bottle","Coca Cola","2020-03-07",700
172,3600,49,2,3,"bottle","Heineken","2020-03-07",1200
173,2400,49,3,3,"bottle","Hollandia","2020-03-07",800
174,800,49,4,1,"bottle","Fanta","2020-03-07",800
175,1000,50,5,1,"portion","White Rice","2020-04-02",1000
176,700,50,1,1,"bottle","Coca Cola","2020-04-02",700
177,3000,50,6,3,"portion","Fried Rice","2020-04-02",1000
178,3600,50,2,3,"bottle","Heineken","2020-04-02",1200
179,1000,50,7,1,"portion","Turkey","2020-04-02",1000
180,800,50,3,1,"bottle","Hollandia","2020-04-02",800
181,2100,51,1,3,"bottle","Coca Cola","2020-03-07",700
182,1000,52,5,1,"portion","White Rice","2020-04-06",1000
183,700,52,1,1,"bottle","Coca Cola","2020-04-06",700
184,2000,53,5,2,"portion","White Rice","2020-02-06",1000
185,1400,53,1,2,"bottle","Coca Cola","2020-02-06",700
186,3000,53,6,3,"portion","Fried Rice","2020-02-06",1000
187,3600,53,2,3,"bottle","Heineken","2020-02-06",1200
188,3000,53,7,3,"portion","Turkey","2020-02-06",1000
189,2400,53,3,3,"bottle","Hollandia","2020-02-06",800
190,1000,54,5,1,"portion","White Rice","2020-02-06",1000
191,1000,54,6,1,"portion","Fried Rice","2020-02-06",1000
192,1000,54,7,1,"portion","Turkey","2020-02-06",1000
193,350,54,8,1,"portion","Eba","2020-02-06",350
194,1000,55,5,1,"portion","White Rice","2020-02-06",1000
195,700,55,1,1,"bottle","Coca Cola","2020-02-06",700
196,2000,55,6,2,"portion","Fried Rice","2020-02-06",1000
197,2400,55,2,2,"bottle","Heineken","2020-02-06",1200
198,2000,55,7,2,"portion","Turkey","2020-02-06",1000
199,1600,55,3,2,"bottle","Hollandia","2020-02-06",800
200,2100,56,1,3,"bottle","Coca Cola","2020-04-06",700
201,1200,56,2,1,"bottle","Heineken","2020-04-06",1200
202,3000,57,5,3,"portion","White Rice","2020-03-07",1000
203,2000,57,6,2,"portion","Fried Rice","2020-03-07",1000
204,3000,57,7,3,"portion","Turkey","2020-03-07",1000
205,700,58,1,1,"bottle","Coca Cola","2020-04-06",700
206,2000,59,5,2,"portion","White Rice","2020-02-06",1000
207,1000,60,5,1,"portion","White Rice","2020-04-02",1000
208,3000,60,6,3,"portion","Fried Rice","2020-04-02",1000
209,2000,60,7,2,"portion","Turkey","2020-04-02",1000
210,2000,61,5,2,"portion","White Rice","2020-04-06",1000
211,3000,61,6,3,"portion","Fried Rice","2020-04-06",1000
212,3000,61,7,3,"portion","Turkey","2020-04-06",1000
213,350,61,8,1,"portion","Eba","2020-04-06",350
214,1000,62,5,1,"portion","White Rice","2020-03-07",1000
215,2000,62,6,2,"portion","Fried Rice","2020-03-07",1000
216,2000,62,7,2,"portion","Turkey","2020-03-07",1000
217,2100,63,1,3,"bottle","Coca Cola","2020-04-02",700
218,2400,63,2,2,"bottle","Heineken","2020-04-02",1200
219,1000,64,5,1,"portion","White Rice","2020-04-06",1000
220,3000,64,6,3,"portion","Fried Rice","2020-04-06",1000
221,2000,64,7,2,"portion","Turkey","2020-04-06",1000
222,350,64,8,1,"portion","Eba","2020-04-06",350
223,1000,65,5,1,"portion","White Rice","2020-03-07",1000
224,700,65,1,1,"bottle","Coca Cola","2020-03-07",700
225,3000,65,6,3,"portion","Fried Rice","2020-03-07",1000
226,3600,65,2,3,"bottle","Heineken","2020-03-07",1200
227,700,66,1,1,"bottle","Coca Cola","2020-04-06",700
228,3600,66,2,3,"bottle","Heineken","2020-04-06",1200
229,1600,66,3,2,"bottle","Hollandia","2020-04-06",800
230,800,66,4,1,"bottle","Fanta","2020-04-06",800
231,2100,67,1,3,"bottle","Coca Cola","2020-04-06",700
232,3600,67,2,3,"bottle","Heineken","2020-04-06",1200
233,2000,68,5,2,"portion","White Rice","2020-04-02",1000
234,1400,68,1,2,"bottle","Coca Cola","2020-04-02",700
235,1000,68,6,1,"portion","Fried Rice","2020-04-02",1000
236,1200,68,2,1,"bottle","Heineken","2020-04-02",1200
237,3000,68,7,3,"portion","Turkey","2020-04-02",1000
238,2400,68,3,3,"bottle","Hollandia","2020-04-02",800
239,350,68,8,1,"portion","Eba","2020-04-02",350
240,800,68,4,1,"bottle","Fanta","2020-04-02",800
241,1000,69,5,1,"portion","White Rice","2020-04-02",1000
242,3000,69,6,3,"portion","Fried Rice","2020-04-02",1000
243,3000,69,7,3,"portion","Turkey","2020-04-02",1000
244,2000,70,5,2,"portion","White Rice","2020-02-06",1000
245,1400,70,1,2,"bottle","Coca Cola","2020-02-06",700
246,3000,70,6,3,"portion","Fried Rice","2020-02-06",1000
247,3600,70,2,3,"bottle","Heineken","2020-02-06",1200
248,3000,70,7,3,"portion","Turkey","2020-02-06",1000
249,2400,70,3,3,"bottle","Hollandia","2020-02-06",800
250,3000,71,5,3,"portion","White Rice","2020-02-06",1000
251,3000,71,6,3,"portion","Fried Rice","2020-02-06",1000
252,2000,71,7,2,"portion","Turkey","2020-02-06",1000
253,350,71,8,1,"portion","Eba","2020-02-06",350
254,1000,72,5,1,"portion","White Rice","2020-04-02",1000
255,700,72,1,1,"bottle","Coca Cola","2020-04-02",700
256,2000,72,6,2,"portion","Fried Rice","2020-04-02",1000
257,2400,72,2,2,"bottle","Heineken","2020-04-02",1200
258,3000,73,5,3,"portion","White Rice","2020-02-06",1000
259,2100,73,1,3,"bottle","Coca Cola","2020-02-06",700
260,2000,73,6,2,"portion","Fried Rice","2020-02-06",1000
261,2400,73,2,2,"bottle","Heineken","2020-02-06",1200
262,1000,73,7,1,"portion","Turkey","2020-02-06",1000
263,800,73,3,1,"bottle","Hollandia","2020-02-06",800
264,2100,74,1,3,"bottle","Coca Cola","2020-04-02",700
265,3600,74,2,3,"bottle","Heineken","2020-04-02",1200
266,2400,74,3,3,"bottle","Hollandia","2020-04-02",800
267,800,74,4,1,"bottle","Fanta","2020-04-02",800
268,3000,75,5,3,"portion","White Rice","2020-04-06",1000
269,3000,75,6,3,"portion","Fried Rice","2020-04-06",1000
270,3000,75,7,3,"portion","Turkey","2020-04-06",1000
271,700,75,8,2,"portion","Eba","2020-04-06",350
272,2000,76,5,2,"portion","White Rice","2020-04-06",1000
273,1400,76,1,2,"bottle","Coca Cola","2020-04-06",700
274,2000,76,6,2,"portion","Fried Rice","2020-04-06",1000
275,2400,76,2,2,"bottle","Heineken","2020-04-06",1200
276,1000,76,7,1,"portion","Turkey","2020-04-06",1000
277,800,76,3,1,"bottle","Hollandia","2020-04-06",800
278,700,76,8,2,"portion","Eba","2020-04-06",350
279,1600,76,4,2,"bottle","Fanta","2020-04-06",800
280,2000,77,5,2,"portion","White Rice","2020-04-02",1000
281,2100,78,1,3,"bottle","Coca Cola","2020-04-02",700
282,3000,79,5,3,"portion","White Rice","2020-03-07",1000
283,2000,80,5,2,"portion","White Rice","2020-04-06",1000
284,2000,81,5,2,"portion","White Rice","2020-02-06",1000
285,1400,81,1,2,"bottle","Coca Cola","2020-02-06",700
286,1000,81,6,1,"portion","Fried Rice","2020-02-06",1000
287,1200,81,2,1,"bottle","Heineken","2020-02-06",1200
288,1000,81,7,1,"portion","Turkey","2020-02-06",1000
289,800,81,3,1,"bottle","Hollandia","2020-02-06",800
290,2000,82,5,2,"portion","White Rice","2020-04-02",1000
291,1400,82,1,2,"bottle","Coca Cola","2020-04-02",700
292,2000,83,5,2,"portion","White Rice","2020-02-06",1000
293,3000,84,5,3,"portion","White Rice","2020-03-07",1000
294,2100,84,1,3,"bottle","Coca Cola","2020-03-07",700
295,3000,84,6,3,"portion","Fried Rice","2020-03-07",1000
296,3600,84,2,3,"bottle","Heineken","2020-03-07",1200
297,1000,84,7,1,"portion","Turkey","2020-03-07",1000
298,800,84,3,1,"bottle","Hollandia","2020-03-07",800
299,350,84,8,1,"portion","Eba","2020-03-07",350
300,800,84,4,1,"bottle","Fanta","2020-03-07",800
301,2000,85,5,2,"portion","White Rice","2020-03-07",1000
302,1000,86,5,1,"portion","White Rice","2020-04-02",1000
303,2000,86,6,2,"portion","Fried Rice","2020-04-02",1000
304,2100,87,1,3,"bottle","Coca Cola","2020-04-02",700
305,2400,87,2,2,"bottle","Heineken","2020-04-02",1200
306,1600,87,3,2,"bottle","Hollandia","2020-04-02",800
307,800,87,4,1,"bottle","Fanta","2020-04-02",800
308,3000,88,5,3,"portion","White Rice","2020-04-02",1000
309,2100,88,1,3,"bottle","Coca Cola","2020-04-02",700
310,2000,88,6,2,"portion","Fried Rice","2020-04-02",1000
311,2400,88,2,2,"bottle","Heineken","2020-04-02",1200
312,3000,88,7,3,"portion","Turkey","2020-04-02",1000
313,2400,88,3,3,"bottle","Hollandia","2020-04-02",800
314,2000,89,5,2,"portion","White Rice","2020-04-02",1000
315,1400,89,1,2,"bottle","Coca Cola","2020-04-02",700
316,2000,89,6,2,"portion","Fried Rice","2020-04-02",1000
317,2400,89,2,2,"bottle","Heineken","2020-04-02",1200
318,2000,89,7,2,"portion","Turkey","2020-04-02",1000
319,1600,89,3,2,"bottle","Hollandia","2020-04-02",800
320,1400,90,1,2,"bottle","Coca Cola","2020-02-06",700
321,2400,90,2,2,"bottle","Heineken","2020-02-06",1200
322,1600,90,3,2,"bottle","Hollandia","2020-02-06",800
323,2000,91,5,2,"portion","White Rice","2020-03-07",1000
324,1400,91,1,2,"bottle","Coca Cola","2020-03-07",700
325,3000,91,6,3,"portion","Fried Rice","2020-03-07",1000
326,3600,91,2,3,"bottle","Heineken","2020-03-07",1200
327,3000,91,7,3,"portion","Turkey","2020-03-07",1000
328,2400,91,3,3,"bottle","Hollandia","2020-03-07",800
329,350,91,8,1,"portion","Eba","2020-03-07",350
330,800,91,4,1,"bottle","Fanta","2020-03-07",800
331,2100,92,1,3,"bottle","Coca Cola","2020-03-07",700
332,3000,93,5,3,"portion","White Rice","2020-03-07",1000
333,2000,93,6,2,"portion","Fried Rice","2020-03-07",1000
334,3000,94,5,3,"portion","White Rice","2020-03-07",1000
335,2100,94,1,3,"bottle","Coca Cola","2020-03-07",700
336,3000,95,5,3,"portion","White Rice","2020-02-06",1000
337,2100,95,1,3,"bottle","Coca Cola","2020-02-06",700
338,1000,96,5,1,"portion","White Rice","2020-04-02",1000
339,700,96,1,1,"bottle","Coca Cola","2020-04-02",700
340,2000,96,6,2,"portion","Fried Rice","2020-04-02",1000
341,2400,96,2,2,"bottle","Heineken","2020-04-02",1200
342,3000,97,5,3,"portion","White Rice","2020-04-06",1000
343,2100,97,1,3,"bottle","Coca Cola","2020-04-06",700
344,2000,97,6,2,"portion","Fried Rice","2020-04-06",1000
345,2400,97,2,2,"bottle","Heineken","2020-04-06",1200
346,2000,98,5,2,"portion","White Rice","2020-04-06",1000
347,1400,98,1,2,"bottle","Coca Cola","2020-04-06",700
348,1000,99,5,1,"portion","White Rice","2020-02-06",1000
349,700,99,1,1,"bottle","Coca Cola","2020-02-06",700
350,3000,99,6,3,"portion","Fried Rice","2020-02-06",1000
351,3600,99,2,3,"bottle","Heineken","2020-02-06",1200
352,1000,99,7,1,"portion","Turkey","2020-02-06",1000
353,800,99,3,1,"bottle","Hollandia","2020-02-06",800
354,3000,100,5,3,"portion","White Rice","2020-02-06",1000
355,2100,100,1,3,"bottle","Coca Cola","2020-02-06",700
356,2000,101,5,2,"portion","White Rice","2020-02-06",1000
357,1000,101,6,1,"portion","Fried Rice","2020-02-06",1000
358,1000,101,7,1,"portion","Turkey","2020-02-06",1000
359,1050,101,8,3,"portion","Eba","2020-02-06",350
360,700,102,1,1,"bottle","Coca Cola","2020-04-06",700
361,2400,102,2,2,"bottle","Heineken","2020-04-06",1200
362,3000,103,5,3,"portion","White Rice","2020-04-02",1000
363,3000,103,6,3,"portion","Fried Rice","2020-04-02",1000
364,3000,103,7,3,"portion","Turkey","2020-04-02",1000
365,350,103,8,1,"portion","Eba","2020-04-02",350
366,3000,104,5,3,"portion","White Rice","2020-04-06",1000
367,2100,104,1,3,"bottle","Coca Cola","2020-04-06",700
368,1000,104,6,1,"portion","Fried Rice","2020-04-06",1000
369,1200,104,2,1,"bottle","Heineken","2020-04-06",1200
370,1000,105,5,1,"portion","White Rice","2020-03-07",1000
371,700,105,1,1,"bottle","Coca Cola","2020-03-07",700
372,2000,105,6,2,"portion","Fried Rice","2020-03-07",1000
373,2400,105,2,2,"bottle","Heineken","2020-03-07",1200
374,3000,106,5,3,"portion","White Rice","2020-04-06",1000
375,2100,106,1,3,"bottle","Coca Cola","2020-04-06",700
376,1000,106,6,1,"portion","Fried Rice","2020-04-06",1000
377,1200,106,2,1,"bottle","Heineken","2020-04-06",1200
378,1000,106,7,1,"portion","Turkey","2020-04-06",1000
379,800,106,3,1,"bottle","Hollandia","2020-04-06",800
380,3000,107,5,3,"portion","White Rice","2020-04-02",1000
381,2000,107,6,2,"portion","Fried Rice","2020-04-02",1000
382,1000,107,7,1,"portion","Turkey","2020-04-02",1000
383,350,107,8,1,"portion","Eba","2020-04-02",350
384,1000,108,5,1,"portion","White Rice","2020-04-06",1000
385,3000,109,5,3,"portion","White Rice","2020-04-06",1000
386,2100,109,1,3,"bottle","Coca Cola","2020-04-06",700
387,3000,110,5,3,"portion","White Rice","2020-02-06",1000
388,2100,110,1,3,"bottle","Coca Cola","2020-02-06",700
389,3000,110,6,3,"portion","Fried Rice","2020-02-06",1000
390,3600,110,2,3,"bottle","Heineken","2020-02-06",1200
391,2000,110,7,2,"portion","Turkey","2020-02-06",1000
392,1600,110,3,2,"bottle","Hollandia","2020-02-06",800
393,350,110,8,1,"portion","Eba","2020-02-06",350
394,800,110,4,1,"bottle","Fanta","2020-02-06",800
395,3000,111,5,3,"portion","White Rice","2020-02-06",1000
396,2000,111,6,2,"portion","Fried Rice","2020-02-06",1000
397,3000,111,7,3,"portion","Turkey","2020-02-06",1000
398,350,111,8,1,"portion","Eba","2020-02-06",350
399,1400,112,1,2,"bottle","Coca Cola","2020-03-07",700
400,3600,112,2,3,"bottle","Heineken","2020-03-07",1200
401,1600,112,3,2,"bottle","Hollandia","2020-03-07",800
402,2000,113,5,2,"portion","White Rice","2020-02-06",1000
403,3000,113,6,3,"portion","Fried Rice","2020-02-06",1000
404,700,114,1,1,"bottle","Coca Cola","2020-04-06",700
405,2400,114,2,2,"bottle","Heineken","2020-04-06",1200
406,2000,115,5,2,"portion","White Rice","2020-02-06",1000
407,700,116,1,1,"bottle","Coca Cola","2020-04-02",700
408,1200,116,2,1,"bottle","Heineken","2020-04-02",1200
409,3000,117,5,3,"portion","White Rice","2020-03-07",1000
410,2100,117,1,3,"bottle","Coca Cola","2020-03-07",700
411,1000,117,6,1,"portion","Fried Rice","2020-03-07",1000
412,1200,117,2,1,"bottle","Heineken","2020-03-07",1200
413,1000,117,7,1,"portion","Turkey","2020-03-07",1000
414,800,117,3,1,"bottle","Hollandia","2020-03-07",800
415,1000,118,5,1,"portion","White Rice","2020-04-06",1000
416,3000,118,6,3,"portion","Fried Rice","2020-04-06",1000
417,1000,118,7,1,"portion","Turkey","2020-04-06",1000
418,700,119,1,1,"bottle","Coca Cola","2020-04-02",700
419,1200,119,2,1,"bottle","Heineken","2020-04-02",1200
420,1000,120,5,1,"portion","White Rice","2020-04-06",1000
421,700,120,1,1,"bottle","Coca Cola","2020-04-06",700
422,3000,120,6,3,"portion","Fried Rice","2020-04-06",1000
423,3600,120,2,3,"bottle","Heineken","2020-04-06",1200
424,2000,120,7,2,"portion","Turkey","2020-04-06",1000
425,1600,120,3,2,"bottle","Hollandia","2020-04-06",800
426,1050,120,8,3,"portion","Eba","2020-04-06",350
427,2400,120,4,3,"bottle","Fanta","2020-04-06",800
428,3000,121,5,3,"portion","White Rice","2020-04-06",1000
429,2100,121,1,3,"bottle","Coca Cola","2020-04-06",700
430,2000,121,6,2,"portion","Fried Rice","2020-04-06",1000
431,2400,121,2,2,"bottle","Heineken","2020-04-06",1200
432,2000,121,7,2,"portion","Turkey","2020-04-06",1000
433,1600,121,3,2,"bottle","Hollandia","2020-04-06",800
434,3000,122,5,3,"portion","White Rice","2020-02-06",1000
435,2100,122,1,3,"bottle","Coca Cola","2020-02-06",700
436,3000,122,6,3,"portion","Fried Rice","2020-02-06",1000
437,3600,122,2,3,"bottle","Heineken","2020-02-06",1200
438,1000,122,7,1,"portion","Turkey","2020-02-06",1000
439,800,122,3,1,"bottle","Hollandia","2020-02-06",800
440,2000,123,5,2,"portion","White Rice","2020-02-06",1000
441,1400,123,1,2,"bottle","Coca Cola","2020-02-06",700
442,2000,123,6,2,"portion","Fried Rice","2020-02-06",1000
443,2400,123,2,2,"bottle","Heineken","2020-02-06",1200
444,3000,123,7,3,"portion","Turkey","2020-02-06",1000
445,2400,123,3,3,"bottle","Hollandia","2020-02-06",800
446,350,123,8,1,"portion","Eba","2020-02-06",350
447,800,123,4,1,"bottle","Fanta","2020-02-06",800
448,2100,124,1,3,"bottle","Coca Cola","2020-04-06",700
449,3600,124,2,3,"bottle","Heineken","2020-04-06",1200
450,1600,124,3,2,"bottle","Hollandia","2020-04-06",800
451,800,124,4,1,"bottle","Fanta","2020-04-06",800
452,2000,125,5,2,"portion","White Rice","2020-04-02",1000
453,1400,125,1,2,"bottle","Coca Cola","2020-04-02",700
454,1000,125,6,1,"portion","Fried Rice","2020-04-02",1000
455,1200,125,2,1,"bottle","Heineken","2020-04-02",1200
456,2000,126,5,2,"portion","White Rice","2020-02-06",1000
457,1400,127,1,2,"bottle","Coca Cola","2020-04-02",700
458,700,128,1,1,"bottle","Coca Cola","2020-04-06",700
459,3600,128,2,3,"bottle","Heineken","2020-04-06",1200
460,800,128,3,1,"bottle","Hollandia","2020-04-06",800
461,800,128,4,1,"bottle","Fanta","2020-04-06",800
462,700,129,1,1,"bottle","Coca Cola","2020-04-02",700
463,3600,129,2,3,"bottle","Heineken","2020-04-02",1200
464,1400,130,1,2,"bottle","Coca Cola","2020-04-06",700
465,1200,130,2,1,"bottle","Heineken","2020-04-06",1200
466,1000,131,5,1,"portion","White Rice","2020-02-06",1000
467,700,131,1,1,"bottle","Coca Cola","2020-02-06",700
468,3000,132,5,3,"portion","White Rice","2020-03-07",1000
469,3000,132,6,3,"portion","Fried Rice","2020-03-07",1000
470,700,133,1,1,"bottle","Coca Cola","2020-04-06",700
471,3000,134,5,3,"portion","White Rice","2020-04-02",1000
472,2100,134,1,3,"bottle","Coca Cola","2020-04-02",700
473,3000,134,6,3,"portion","Fried Rice","2020-04-02",1000
474,3600,134,2,3,"bottle","Heineken","2020-04-02",1200
475,1000,134,7,1,"portion","Turkey","2020-04-02",1000
476,800,134,3,1,"bottle","Hollandia","2020-04-02",800
477,1050,134,8,3,"portion","Eba","2020-04-02",350
478,2400,134,4,3,"bottle","Fanta","2020-04-02",800
479,1000,135,5,1,"portion","White Rice","2020-03-07",1000
480,2100,136,1,3,"bottle","Coca Cola","2020-03-07",700
481,2400,136,2,2,"bottle","Heineken","2020-03-07",1200
482,3000,137,5,3,"portion","White Rice","2020-02-06",1000
483,2100,137,1,3,"bottle","Coca Cola","2020-02-06",700
484,1000,137,6,1,"portion","Fried Rice","2020-02-06",1000
485,1200,137,2,1,"bottle","Heineken","2020-02-06",1200
486,2000,137,7,2,"portion","Turkey","2020-02-06",1000
487,1600,137,3,2,"bottle","Hollandia","2020-02-06",800
488,700,137,8,2,"portion","Eba","2020-02-06",350
489,1600,137,4,2,"bottle","Fanta","2020-02-06",800
490,3000,138,5,3,"portion","White Rice","2020-04-02",1000
491,2100,139,1,3,"bottle","Coca Cola","2020-04-06",700
492,2400,139,2,2,"bottle","Heineken","2020-04-06",1200
493,800,139,3,1,"bottle","Hollandia","2020-04-06",800
494,2400,139,4,3,"bottle","Fanta","2020-04-06",800
495,1400,140,1,2,"bottle","Coca Cola","2020-04-06",700
496,2400,140,2,2,"bottle","Heineken","2020-04-06",1200
497,800,140,3,1,"bottle","Hollandia","2020-04-06",800
498,2000,141,5,2,"portion","White Rice","2020-04-02",1000
499,1400,141,1,2,"bottle","Coca Cola","2020-04-02",700
500,1000,141,6,1,"portion","Fried Rice","2020-04-02",1000
501,1200,141,2,1,"bottle","Heineken","2020-04-02",1200
502,1000,141,7,1,"portion","Turkey","2020-04-02",1000
503,800,141,3,1,"bottle","Hollandia","2020-04-02",800
504,1000,142,5,1,"portion","White Rice","2020-04-02",1000
505,2000,142,6,2,"portion","Fried Rice","2020-04-02",1000
506,2000,142,7,2,"portion","Turkey","2020-04-02",1000
507,1050,142,8,3,"portion","Eba","2020-04-02",350
508,3000,143,5,3,"portion","White Rice","2020-04-02",1000
509,1000,143,6,1,"portion","Fried Rice","2020-04-02",1000
510,3000,143,7,3,"portion","Turkey","2020-04-02",1000
511,1400,144,1,2,"bottle","Coca Cola","2020-02-06",700
512,3600,144,2,3,"bottle","Heineken","2020-02-06",1200
513,3000,145,5,3,"portion","White Rice","2020-02-06",1000
514,2100,145,1,3,"bottle","Coca Cola","2020-02-06",700
515,3000,145,6,3,"portion","Fried Rice","2020-02-06",1000
516,3600,145,2,3,"bottle","Heineken","2020-02-06",1200
517,2000,145,7,2,"portion","Turkey","2020-02-06",1000
518,1600,145,3,2,"bottle","Hollandia","2020-02-06",800
519,1050,145,8,3,"portion","Eba","2020-02-06",350
520,2400,145,4,3,"bottle","Fanta","2020-02-06",800
521,1000,146,5,1,"portion","White Rice","2020-02-06",1000
522,700,146,1,1,"bottle","Coca Cola","2020-02-06",700
523,3000,146,6,3,"portion","Fried Rice","2020-02-06",1000
524,3600,146,2,3,"bottle","Heineken","2020-02-06",1200
525,1000,146,7,1,"portion","Turkey","2020-02-06",1000
526,800,146,3,1,"bottle","Hollandia","2020-02-06",800
527,700,146,8,2,"portion","Eba","2020-02-06",350
528,1600,146,4,2,"bottle","Fanta","2020-02-06",800
529,3000,147,5,3,"portion","White Rice","2020-03-07",1000
530,1000,148,5,1,"portion","White Rice","2020-04-06",1000
531,3000,148,6,3,"portion","Fried Rice","2020-04-06",1000
532,2000,148,7,2,"portion","Turkey","2020-04-06",1000
533,2000,149,5,2,"portion","White Rice","2020-02-06",1000
534,2000,149,6,2,"portion","Fried Rice","2020-02-06",1000
535,1000,149,7,1,"portion","Turkey","2020-02-06",1000
536,350,149,8,1,"portion","Eba","2020-02-06",350
537,2000,150,5,2,"portion","White Rice","2020-03-07",1000
538,1400,151,1,2,"bottle","Coca Cola","2020-02-06",700
539,2400,151,2,2,"bottle","Heineken","2020-02-06",1200
540,3000,152,5,3,"portion","White Rice","2020-04-06",1000
541,700,153,1,1,"bottle","Coca Cola","2020-04-06",700
542,1200,153,2,1,"bottle","Heineken","2020-04-06",1200
543,2400,153,3,3,"bottle","Hollandia","2020-04-06",800
544,2000,154,5,2,"portion","White Rice","2020-02-06",1000
545,1400,154,1,2,"bottle","Coca Cola","2020-02-06",700
546,2100,155,1,3,"bottle","Coca Cola","2020-04-02",700
547,1200,155,2,1,"bottle","Heineken","2020-04-02",1200
548,800,155,3,1,"bottle","Hollandia","2020-04-02",800
549,700,156,1,1,"bottle","Coca Cola","2020-03-07",700
550,2000,157,5,2,"portion","White Rice","2020-03-07",1000
551,1400,157,1,2,"bottle","Coca Cola","2020-03-07",700
552,2000,157,6,2,"portion","Fried Rice","2020-03-07",1000
553,2400,157,2,2,"bottle","Heineken","2020-03-07",1200
554,1400,158,1,2,"bottle","Coca Cola","2020-04-06",700
555,3600,158,2,3,"bottle","Heineken","2020-04-06",1200
556,3000,159,5,3,"portion","White Rice","2020-02-06",1000
557,2100,159,1,3,"bottle","Coca Cola","2020-02-06",700
558,2000,160,5,2,"portion","White Rice","2020-02-06",1000
559,1400,160,1,2,"bottle","Coca Cola","2020-02-06",700
560,2000,160,6,2,"portion","Fried Rice","2020-02-06",1000
561,2400,160,2,2,"bottle","Heineken","2020-02-06",1200
562,2000,161,5,2,"portion","White Rice","2020-04-02",1000
563,2000,161,6,2,"portion","Fried Rice","2020-04-02",1000
564,1000,161,7,1,"portion","Turkey","2020-04-02",1000
565,2000,162,5,2,"portion","White Rice","2020-04-02",1000
566,1400,162,1,2,"bottle","Coca Cola","2020-04-02",700
567,2000,162,6,2,"portion","Fried Rice","2020-04-02",1000
568,2400,162,2,2,"bottle","Heineken","2020-04-02",1200
569,2000,163,5,2,"portion","White Rice","2020-04-06",1000
570,1400,163,1,2,"bottle","Coca Cola","2020-04-06",700
571,3000,163,6,3,"portion","Fried Rice","2020-04-06",1000
572,3600,163,2,3,"bottle","Heineken","2020-04-06",1200
573,3000,164,5,3,"portion","White Rice","2020-04-06",1000
574,2100,164,1,3,"bottle","Coca Cola","2020-04-06",700
575,2000,164,6,2,"portion","Fried Rice","2020-04-06",1000
576,2400,164,2,2,"bottle","Heineken","2020-04-06",1200
577,3000,164,7,3,"portion","Turkey","2020-04-06",1000
578,2400,164,3,3,"bottle","Hollandia","2020-04-06",800
579,2100,165,1,3,"bottle","Coca Cola","2020-02-06",700
580,1200,165,2,1,"bottle","Heineken","2020-02-06",1200
581,3000,166,5,3,"portion","White Rice","2020-03-07",1000
582,2100,166,1,3,"bottle","Coca Cola","2020-03-07",700
583,3000,167,5,3,"portion","White Rice","2020-03-07",1000
584,2100,167,1,3,"bottle","Coca Cola","2020-03-07",700
585,3000,167,6,3,"portion","Fried Rice","2020-03-07",1000
586,3600,167,2,3,"bottle","Heineken","2020-03-07",1200
587,1000,167,7,1,"portion","Turkey","2020-03-07",1000
588,800,167,3,1,"bottle","Hollandia","2020-03-07",800
589,700,167,8,2,"portion","Eba","2020-03-07",350
590,1600,167,4,2,"bottle","Fanta","2020-03-07",800
591,2000,168,5,2,"portion","White Rice","2020-02-06",1000
592,1000,168,6,1,"portion","Fried Rice","2020-02-06",1000
593,2000,168,7,2,"portion","Turkey","2020-02-06",1000
594,1050,168,8,3,"portion","Eba","2020-02-06",350
595,3000,169,5,3,"portion","White Rice","2020-04-06",1000
596,2100,169,1,3,"bottle","Coca Cola","2020-04-06",700
597,1000,169,6,1,"portion","Fried Rice","2020-04-06",1000
598,1200,169,2,1,"bottle","Heineken","2020-04-06",1200
599,2000,169,7,2,"portion","Turkey","2020-04-06",1000
600,1600,169,3,2,"bottle","Hollandia","2020-04-06",800
601,350,169,8,1,"portion","Eba","2020-04-06",350
602,800,169,4,1,"bottle","Fanta","2020-04-06",800
603,3000,170,5,3,"portion","White Rice","2020-02-06",1000
604,2100,170,1,3,"bottle","Coca Cola","2020-02-06",700
605,2000,170,6,2,"portion","Fried Rice","2020-02-06",1000
606,2400,170,2,2,"bottle","Heineken","2020-02-06",1200
607,3000,170,7,3,"portion","Turkey","2020-02-06",1000
608,2400,170,3,3,"bottle","Hollandia","2020-02-06",800
609,2100,171,1,3,"bottle","Coca Cola","2020-04-06",700
610,2400,171,2,2,"bottle","Heineken","2020-04-06",1200
611,2400,171,3,3,"bottle","Hollandia","2020-04-06",800
612,1000,172,5,1,"portion","White Rice","2020-04-06",1000
613,2000,172,6,2,"portion","Fried Rice","2020-04-06",1000
614,3000,172,7,3,"portion","Turkey","2020-04-06",1000
615,2100,173,1,3,"bottle","Coca Cola","2020-03-07",700
616,3600,173,2,3,"bottle","Heineken","2020-03-07",1200
617,2000,174,5,2,"portion","White Rice","2020-04-02",1000
618,1400,174,1,2,"bottle","Coca Cola","2020-04-02",700
619,3000,174,6,3,"portion","Fried Rice","2020-04-02",1000
620,3600,174,2,3,"bottle","Heineken","2020-04-02",1200
621,1000,175,5,1,"portion","White Rice","2020-04-02",1000
622,1000,176,5,1,"portion","White Rice","2020-04-06",1000
623,1000,177,5,1,"portion","White Rice","2020-04-02",1000
624,700,177,1,1,"bottle","Coca Cola","2020-04-02",700
625,2000,178,5,2,"portion","White Rice","2020-04-06",1000
626,2100,179,1,3,"bottle","Coca Cola","2020-04-02",700
627,2400,179,2,2,"bottle","Heineken","2020-04-02",1200
628,800,179,3,1,"bottle","Hollandia","2020-04-02",800
629,1000,180,5,1,"portion","White Rice","2020-03-07",1000
630,700,180,1,1,"bottle","Coca Cola","2020-03-07",700
631,1000,180,6,1,"portion","Fried Rice","2020-03-07",1000
632,1200,180,2,1,"bottle","Heineken","2020-03-07",1200
633,1000,181,5,1,"portion","White Rice","2020-04-02",1000
634,2100,182,1,3,"bottle","Coca Cola","2020-03-07",700
635,1200,182,2,1,"bottle","Heineken","2020-03-07",1200
636,1400,183,1,2,"bottle","Coca Cola","2020-04-06",700
637,3600,183,2,3,"bottle","Heineken","2020-04-06",1200
638,1000,184,5,1,"portion","White Rice","2020-02-06",1000
639,700,184,1,1,"bottle","Coca Cola","2020-02-06",700
640,3000,184,6,3,"portion","Fried Rice","2020-02-06",1000
641,3600,184,2,3,"bottle","Heineken","2020-02-06",1200
642,2000,184,7,2,"portion","Turkey","2020-02-06",1000
643,1600,184,3,2,"bottle","Hollandia","2020-02-06",800
644,1000,185,5,1,"portion","White Rice","2020-02-06",1000
645,700,185,1,1,"bottle","Coca Cola","2020-02-06",700
646,3000,185,6,3,"portion","Fried Rice","2020-02-06",1000
647,3600,185,2,3,"bottle","Heineken","2020-02-06",1200
648,3000,186,5,3,"portion","White Rice","2020-03-07",1000
649,2100,186,1,3,"bottle","Coca Cola","2020-03-07",700
650,2000,186,6,2,"portion","Fried Rice","2020-03-07",1000
651,2400,186,2,2,"bottle","Heineken","2020-03-07",1200
652,2000,186,7,2,"portion","Turkey","2020-03-07",1000
653,1600,186,3,2,"bottle","Hollandia","2020-03-07",800
654,350,186,8,1,"portion","Eba","2020-03-07",350
655,800,186,4,1,"bottle","Fanta","2020-03-07",800
656,1400,187,1,2,"bottle","Coca Cola","2020-04-06",700
657,1400,188,1,2,"bottle","Coca Cola","2020-04-02",700
658,2400,188,2,2,"bottle","Heineken","2020-04-02",1200
659,3000,189,5,3,"portion","White Rice","2020-02-06",1000
660,2100,189,1,3,"bottle","Coca Cola","2020-02-06",700
661,700,190,1,1,"bottle","Coca Cola","2020-02-06",700
662,3600,190,2,3,"bottle","Heineken","2020-02-06",1200
663,1600,190,3,2,"bottle","Hollandia","2020-02-06",800
664,2100,191,1,3,"bottle","Coca Cola","2020-04-06",700
665,1200,191,2,1,"bottle","Heineken","2020-04-06",1200
666,1600,191,3,2,"bottle","Hollandia","2020-04-06",800
667,2000,192,5,2,"portion","White Rice","2020-02-06",1000
668,1400,192,1,2,"bottle","Coca Cola","2020-02-06",700
669,1000,192,6,1,"portion","Fried Rice","2020-02-06",1000
670,1200,192,2,1,"bottle","Heineken","2020-02-06",1200
671,2000,192,7,2,"portion","Turkey","2020-02-06",1000
672,1600,192,3,2,"bottle","Hollandia","2020-02-06",800
673,350,192,8,1,"portion","Eba","2020-02-06",350
674,800,192,4,1,"bottle","Fanta","2020-02-06",800
675,2000,193,5,2,"portion","White Rice","2020-03-07",1000
676,1400,193,1,2,"bottle","Coca Cola","2020-03-07",700
677,2000,193,6,2,"portion","Fried Rice","2020-03-07",1000
678,2400,193,2,2,"bottle","Heineken","2020-03-07",1200
679,2000,193,7,2,"portion","Turkey","2020-03-07",1000
680,1600,193,3,2,"bottle","Hollandia","2020-03-07",800
681,1000,194,5,1,"portion","White Rice","2020-03-07",1000
682,2000,194,6,2,"portion","Fried Rice","2020-03-07",1000
683,700,195,1,1,"bottle","Coca Cola","2020-04-02",700
684,1200,195,2,1,"bottle","Heineken","2020-04-02",1200
685,800,195,3,1,"bottle","Hollandia","2020-04-02",800
686,2400,195,4,3,"bottle","Fanta","2020-04-02",800
687,1400,196,1,2,"bottle","Coca Cola","2020-02-06",700
688,3000,197,5,3,"portion","White Rice","2020-02-06",1000
689,2100,197,1,3,"bottle","Coca Cola","2020-02-06",700
690,3000,197,6,3,"portion","Fried Rice","2020-02-06",1000
691,3600,197,2,3,"bottle","Heineken","2020-02-06",1200
692,1000,197,7,1,"portion","Turkey","2020-02-06",1000
693,800,197,3,1,"bottle","Hollandia","2020-02-06",800
694,2000,198,5,2,"portion","White Rice","2020-02-06",1000
695,1000,198,6,1,"portion","Fried Rice","2020-02-06",1000
696,3000,199,5,3,"portion","White Rice","2020-04-02",1000
697,2000,199,6,2,"portion","Fried Rice","2020-04-02",1000
698,2000,200,5,2,"portion","White Rice","2020-02-06",1000
699,1400,200,1,2,"bottle","Coca Cola","2020-02-06",700
700,3000,200,6,3,"portion","Fried Rice","2020-02-06",1000
701,3600,200,2,3,"bottle","Heineken","2020-02-06",1200
702,1000,200,7,1,"portion","Turkey","2020-02-06",1000
703,800,200,3,1,"bottle","Hollandia","2020-02-06",800
704,700,201,1,1,"bottle","Coca Cola","2020-04-02",700
705,1200,201,2,1,"bottle","Heineken","2020-04-02",1200
706,1600,201,3,2,"bottle","Hollandia","2020-04-02",800
707,2100,202,1,3,"bottle","Coca Cola","2020-04-02",700
708,3600,202,2,3,"bottle","Heineken","2020-04-02",1200
709,800,202,3,1,"bottle","Hollandia","2020-04-02",800
710,2400,202,4,3,"bottle","Fanta","2020-04-02",800
711,1000,203,5,1,"portion","White Rice","2020-04-02",1000
712,2000,204,5,2,"portion","White Rice","2020-02-06",1000
713,1400,204,1,2,"bottle","Coca Cola","2020-02-06",700
714,3000,204,6,3,"portion","Fried Rice","2020-02-06",1000
715,3600,204,2,3,"bottle","Heineken","2020-02-06",1200
716,1000,204,7,1,"portion","Turkey","2020-02-06",1000
717,800,204,3,1,"bottle","Hollandia","2020-02-06",800
718,700,204,8,2,"portion","Eba","2020-02-06",350
719,1600,204,4,2,"bottle","Fanta","2020-02-06",800
720,3000,205,5,3,"portion","White Rice","2020-04-06",1000
721,1000,206,5,1,"portion","White Rice","2020-04-02",1000
722,700,206,1,1,"bottle","Coca Cola","2020-04-02",700
723,1000,206,6,1,"portion","Fried Rice","2020-04-02",1000
724,1200,206,2,1,"bottle","Heineken","2020-04-02",1200
725,1000,206,7,1,"portion","Turkey","2020-04-02",1000
726,800,206,3,1,"bottle","Hollandia","2020-04-02",800
727,350,206,8,1,"portion","Eba","2020-04-02",350
728,800,206,4,1,"bottle","Fanta","2020-04-02",800
729,3000,207,5,3,"portion","White Rice","2020-04-02",1000
730,2100,207,1,3,"bottle","Coca Cola","2020-04-02",700
731,1000,207,6,1,"portion","Fried Rice","2020-04-02",1000
732,1200,207,2,1,"bottle","Heineken","2020-04-02",1200
733,2100,208,1,3,"bottle","Coca Cola","2020-03-07",700
734,1200,208,2,1,"bottle","Heineken","2020-03-07",1200
735,2400,208,3,3,"bottle","Hollandia","2020-03-07",800
736,2100,209,1,3,"bottle","Coca Cola","2020-02-06",700
737,1200,209,2,1,"bottle","Heineken","2020-02-06",1200
738,1400,210,1,2,"bottle","Coca Cola","2020-02-06",700
739,1200,210,2,1,"bottle","Heineken","2020-02-06",1200
740,2400,210,3,3,"bottle","Hollandia","2020-02-06",800
741,700,211,1,1,"bottle","Coca Cola","2020-03-07",700
742,2400,211,2,2,"bottle","Heineken","2020-03-07",1200
743,1600,211,3,2,"bottle","Hollandia","2020-03-07",800
744,2000,212,5,2,"portion","White Rice","2020-02-06",1000
745,1400,212,1,2,"bottle","Coca Cola","2020-02-06",700
746,2000,213,5,2,"portion","White Rice","2020-04-02",1000
747,1400,213,1,2,"bottle","Coca Cola","2020-04-02",700
748,1000,213,6,1,"portion","Fried Rice","2020-04-02",1000
749,1200,213,2,1,"bottle","Heineken","2020-04-02",1200
750,3000,213,7,3,"portion","Turkey","2020-04-02",1000
751,2400,213,3,3,"bottle","Hollandia","2020-04-02",800
752,350,213,8,1,"portion","Eba","2020-04-02",350
753,800,213,4,1,"bottle","Fanta","2020-04-02",800
754,3000,214,5,3,"portion","White Rice","2020-03-07",1000
755,3000,214,6,3,"portion","Fried Rice","2020-03-07",1000
756,2000,214,7,2,"portion","Turkey","2020-03-07",1000
757,700,214,8,2,"portion","Eba","2020-03-07",350
758,1000,215,5,1,"portion","White Rice","2020-04-02",1000
759,700,215,1,1,"bottle","Coca Cola","2020-04-02",700
760,1000,215,6,1,"portion","Fried Rice","2020-04-02",1000
761,1200,215,2,1,"bottle","Heineken","2020-04-02",1200
762,1000,216,5,1,"portion","White Rice","2020-03-07",1000
763,3000,216,6,3,"portion","Fried Rice","2020-03-07",1000
764,2100,217,1,3,"bottle","Coca Cola","2020-04-02",700
765,3600,217,2,3,"bottle","Heineken","2020-04-02",1200
766,700,218,1,1,"bottle","Coca Cola","2020-04-06",700
767,2400,218,2,2,"bottle","Heineken","2020-04-06",1200
768,2000,219,5,2,"portion","White Rice","2020-02-06",1000
769,1400,219,1,2,"bottle","Coca Cola","2020-02-06",700
770,2000,220,5,2,"portion","White Rice","2020-04-06",1000
771,1000,220,6,1,"portion","Fried Rice","2020-04-06",1000
772,2100,221,1,3,"bottle","Coca Cola","2020-02-06",700
773,2100,222,1,3,"bottle","Coca Cola","2020-03-07",700
774,3600,222,2,3,"bottle","Heineken","2020-03-07",1200
775,800,222,3,1,"bottle","Hollandia","2020-03-07",800
776,3000,223,5,3,"portion","White Rice","2020-03-07",1000
777,2100,223,1,3,"bottle","Coca Cola","2020-03-07",700
778,3000,223,6,3,"portion","Fried Rice","2020-03-07",1000
779,3600,223,2,3,"bottle","Heineken","2020-03-07",1200
780,3000,223,7,3,"portion","Turkey","2020-03-07",1000
781,2400,223,3,3,"bottle","Hollandia","2020-03-07",800
782,700,224,1,1,"bottle","Coca Cola","2020-03-07",700
783,3600,224,2,3,"bottle","Heineken","2020-03-07",1200
784,2100,225,1,3,"bottle","Coca Cola","2020-02-06",700
785,3600,225,2,3,"bottle","Heineken","2020-02-06",1200
786,800,225,3,1,"bottle","Hollandia","2020-02-06",800
787,800,225,4,1,"bottle","Fanta","2020-02-06",800
788,2100,226,1,3,"bottle","Coca Cola","2020-03-07",700
789,1200,226,2,1,"bottle","Heineken","2020-03-07",1200
790,800,226,3,1,"bottle","Hollandia","2020-03-07",800
791,3000,227,5,3,"portion","White Rice","2020-03-07",1000
792,2000,227,6,2,"portion","Fried Rice","2020-03-07",1000
793,3000,227,7,3,"portion","Turkey","2020-03-07",1000
794,700,228,1,1,"bottle","Coca Cola","2020-02-06",700
795,2000,229,5,2,"portion","White Rice","2020-04-06",1000
796,1400,229,1,2,"bottle","Coca Cola","2020-04-06",700
797,2100,230,1,3,"bottle","Coca Cola","2020-02-06",700
798,3600,230,2,3,"bottle","Heineken","2020-02-06",1200
799,700,231,1,1,"bottle","Coca Cola","2020-04-06",700
800,2400,231,2,2,"bottle","Heineken","2020-04-06",1200
801,1600,231,3,2,"bottle","Hollandia","2020-04-06",800
802,2000,232,5,2,"portion","White Rice","2020-04-02",1000
803,3000,232,6,3,"portion","Fried Rice","2020-04-02",1000
804,700,233,1,1,"bottle","Coca Cola","2020-04-06",700
805,3600,233,2,3,"bottle","Heineken","2020-04-06",1200
806,1600,233,3,2,"bottle","Hollandia","2020-04-06",800
807,1600,233,4,2,"bottle","Fanta","2020-04-06",800
808,1000,234,5,1,"portion","White Rice","2020-03-07",1000
809,1000,234,6,1,"portion","Fried Rice","2020-03-07",1000
810,1000,234,7,1,"portion","Turkey","2020-03-07",1000
811,350,234,8,1,"portion","Eba","2020-03-07",350
812,2100,235,1,3,"bottle","Coca Cola","2020-03-07",700
813,2400,235,2,2,"bottle","Heineken","2020-03-07",1200
814,800,235,3,1,"bottle","Hollandia","2020-03-07",800
815,1600,235,4,2,"bottle","Fanta","2020-03-07",800
816,3000,236,5,3,"portion","White Rice","2020-03-07",1000
817,2000,237,5,2,"portion","White Rice","2020-04-06",1000
818,1400,237,1,2,"bottle","Coca Cola","2020-04-06",700
819,3000,237,6,3,"portion","Fried Rice","2020-04-06",1000
820,3600,237,2,3,"bottle","Heineken","2020-04-06",1200
821,3000,238,5,3,"portion","White Rice","2020-02-06",1000
822,3000,239,5,3,"portion","White Rice","2020-03-07",1000
823,2100,239,1,3,"bottle","Coca Cola","2020-03-07",700
824,1000,240,5,1,"portion","White Rice","2020-02-06",1000
825,1000,240,6,1,"portion","Fried Rice","2020-02-06",1000
826,3000,241,5,3,"portion","White Rice","2020-02-06",1000
827,3000,241,6,3,"portion","Fried Rice","2020-02-06",1000
828,3000,241,7,3,"portion","Turkey","2020-02-06",1000
829,700,242,1,1,"bottle","Coca Cola","2020-02-06",700
830,2400,242,2,2,"bottle","Heineken","2020-02-06",1200
831,800,242,3,1,"bottle","Hollandia","2020-02-06",800
832,800,242,4,1,"bottle","Fanta","2020-02-06",800
833,2000,243,5,2,"portion","White Rice","2020-04-02",1000
834,2000,243,6,2,"portion","Fried Rice","2020-04-02",1000
835,3000,244,5,3,"portion","White Rice","2020-04-02",1000
836,2000,244,6,2,"portion","Fried Rice","2020-04-02",1000
837,2000,245,5,2,"portion","White Rice","2020-02-06",1000
838,1000,245,6,1,"portion","Fried Rice","2020-02-06",1000
839,1000,245,7,1,"portion","Turkey","2020-02-06",1000
840,2100,246,1,3,"bottle","Coca Cola","2020-02-06",700
841,2400,246,2,2,"bottle","Heineken","2020-02-06",1200
842,2400,246,3,3,"bottle","Hollandia","2020-02-06",800
843,800,246,4,1,"bottle","Fanta","2020-02-06",800
844,1000,247,5,1,"portion","White Rice","2020-03-07",1000
845,700,247,1,1,"bottle","Coca Cola","2020-03-07",700
846,1000,247,6,1,"portion","Fried Rice","2020-03-07",1000
847,1200,247,2,1,"bottle","Heineken","2020-03-07",1200
848,2000,247,7,2,"portion","Turkey","2020-03-07",1000
849,1600,247,3,2,"bottle","Hollandia","2020-03-07",800
850,700,248,1,1,"bottle","Coca Cola","2020-04-02",700
851,3600,248,2,3,"bottle","Heineken","2020-04-02",1200
852,2400,248,3,3,"bottle","Hollandia","2020-04-02",800
853,3000,249,5,3,"portion","White Rice","2020-03-07",1000
854,1000,249,6,1,"portion","Fried Rice","2020-03-07",1000
855,2000,249,7,2,"portion","Turkey","2020-03-07",1000
856,700,249,8,2,"portion","Eba","2020-03-07",350
857,1000,250,5,1,"portion","White Rice","2020-04-06",1000
858,3000,251,5,3,"portion","White Rice","2020-03-07",1000
859,2100,251,1,3,"bottle","Coca Cola","2020-03-07",700
860,3000,252,5,3,"portion","White Rice","2020-04-06",1000
861,1000,252,6,1,"portion","Fried Rice","2020-04-06",1000
862,1000,253,5,1,"portion","White Rice","2020-03-07",1000
863,700,253,1,1,"bottle","Coca Cola","2020-03-07",700
864,1000,253,6,1,"portion","Fried Rice","2020-03-07",1000
865,1200,253,2,1,"bottle","Heineken","2020-03-07",1200
866,2000,253,7,2,"portion","Turkey","2020-03-07",1000
867,1600,253,3,2,"bottle","Hollandia","2020-03-07",800
868,3000,254,5,3,"portion","White Rice","2020-02-06",1000
869,1000,254,6,1,"portion","Fried Rice","2020-02-06",1000
870,3000,254,7,3,"portion","Turkey","2020-02-06",1000
871,700,254,8,2,"portion","Eba","2020-02-06",350
872,1000,255,5,1,"portion","White Rice","2020-04-06",1000
873,1000,255,6,1,"portion","Fried Rice","2020-04-06",1000
874,2000,256,5,2,"portion","White Rice","2020-04-06",1000
875,1000,256,6,1,"portion","Fried Rice","2020-04-06",1000
876,2000,257,5,2,"portion","White Rice","2020-02-06",1000
877,1000,257,6,1,"portion","Fried Rice","2020-02-06",1000
878,2000,257,7,2,"portion","Turkey","2020-02-06",1000
879,1050,257,8,3,"portion","Eba","2020-02-06",350
880,2000,258,5,2,"portion","White Rice","2020-03-07",1000
881,1400,258,1,2,"bottle","Coca Cola","2020-03-07",700
882,1000,258,6,1,"portion","Fried Rice","2020-03-07",1000
883,1200,258,2,1,"bottle","Heineken","2020-03-07",1200
884,1000,259,5,1,"portion","White Rice","2020-02-06",1000
885,700,259,1,1,"bottle","Coca Cola","2020-02-06",700
886,1400,260,1,2,"bottle","Coca Cola","2020-02-06",700
887,3600,260,2,3,"bottle","Heineken","2020-02-06",1200
888,1600,260,3,2,"bottle","Hollandia","2020-02-06",800
889,2100,261,1,3,"bottle","Coca Cola","2020-04-06",700
890,2400,261,2,2,"bottle","Heineken","2020-04-06",1200
891,800,261,3,1,"bottle","Hollandia","2020-04-06",800
892,2400,261,4,3,"bottle","Fanta","2020-04-06",800
893,1000,262,5,1,"portion","White Rice","2020-02-06",1000
894,3000,262,6,3,"portion","Fried Rice","2020-02-06",1000
895,1000,262,7,1,"portion","Turkey","2020-02-06",1000
896,1000,263,5,1,"portion","White Rice","2020-02-06",1000
897,700,263,1,1,"bottle","Coca Cola","2020-02-06",700
898,1000,263,6,1,"portion","Fried Rice","2020-02-06",1000
899,1200,263,2,1,"bottle","Heineken","2020-02-06",1200
900,3000,264,5,3,"portion","White Rice","2020-04-02",1000
901,1000,264,6,1,"portion","Fried Rice","2020-04-02",1000
902,2000,264,7,2,"portion","Turkey","2020-04-02",1000
903,3000,265,5,3,"portion","White Rice","2020-04-06",1000
904,3000,266,5,3,"portion","White Rice","2020-03-07",1000
905,1000,267,5,1,"portion","White Rice","2020-04-06",1000
906,3000,268,5,3,"portion","White Rice","2020-04-02",1000
907,2000,268,6,2,"portion","Fried Rice","2020-04-02",1000
908,3000,268,7,3,"portion","Turkey","2020-04-02",1000
909,700,268,8,2,"portion","Eba","2020-04-02",350
910,3000,269,5,3,"portion","White Rice","2020-04-06",1000
911,2100,269,1,3,"bottle","Coca Cola","2020-04-06",700
912,3000,270,5,3,"portion","White Rice","2020-04-02",1000
913,2100,270,1,3,"bottle","Coca Cola","2020-04-02",700
914,2000,270,6,2,"portion","Fried Rice","2020-04-02",1000
915,2400,270,2,2,"bottle","Heineken","2020-04-02",1200
916,1000,270,7,1,"portion","Turkey","2020-04-02",1000
917,800,270,3,1,"bottle","Hollandia","2020-04-02",800
918,1050,270,8,3,"portion","Eba","2020-04-02",350
919,2400,270,4,3,"bottle","Fanta","2020-04-02",800
920,3000,271,5,3,"portion","White Rice","2020-03-07",1000
921,2100,271,1,3,"bottle","Coca Cola","2020-03-07",700
922,3000,271,6,3,"portion","Fried Rice","2020-03-07",1000
923,3600,271,2,3,"bottle","Heineken","2020-03-07",1200
924,2000,271,7,2,"portion","Turkey","2020-03-07",1000
925,1600,271,3,2,"bottle","Hollandia","2020-03-07",800
926,700,271,8,2,"portion","Eba","2020-03-07",350
927,1600,271,4,2,"bottle","Fanta","2020-03-07",800
928,3000,272,5,3,"portion","White Rice","2020-02-06",1000
929,2000,272,6,2,"portion","Fried Rice","2020-02-06",1000
930,1000,273,5,1,"portion","White Rice","2020-02-06",1000
931,3000,273,6,3,"portion","Fried Rice","2020-02-06",1000
932,3000,273,7,3,"portion","Turkey","2020-02-06",1000
933,350,273,8,1,"portion","Eba","2020-02-06",350
934,3000,274,5,3,"portion","White Rice","2020-02-06",1000
935,2000,274,6,2,"portion","Fried Rice","2020-02-06",1000
936,2000,274,7,2,"portion","Turkey","2020-02-06",1000
937,3000,275,5,3,"portion","White Rice","2020-04-06",1000
938,2100,275,1,3,"bottle","Coca Cola","2020-04-06",700
939,3000,275,6,3,"portion","Fried Rice","2020-04-06",1000
940,3600,275,2,3,"bottle","Heineken","2020-04-06",1200
941,2000,275,7,2,"portion","Turkey","2020-04-06",1000
942,1600,275,3,2,"bottle","Hollandia","2020-04-06",800
943,1400,276,1,2,"bottle","Coca Cola","2020-04-06",700
944,3600,276,2,3,"bottle","Heineken","2020-04-06",1200
945,1600,276,3,2,"bottle","Hollandia","2020-04-06",800
946,3000,277,5,3,"portion","White Rice","2020-03-07",1000
947,2100,277,1,3,"bottle","Coca Cola","2020-03-07",700
948,2000,277,6,2,"portion","Fried Rice","2020-03-07",1000
949,2400,277,2,2,"bottle","Heineken","2020-03-07",1200
950,1000,277,7,1,"portion","Turkey","2020-03-07",1000
951,800,277,3,1,"bottle","Hollandia","2020-03-07",800
952,700,277,8,2,"portion","Eba","2020-03-07",350
953,1600,277,4,2,"bottle","Fanta","2020-03-07",800
954,2000,278,5,2,"portion","White Rice","2020-02-06",1000
955,1400,278,1,2,"bottle","Coca Cola","2020-02-06",700
956,1000,278,6,1,"portion","Fried Rice","2020-02-06",1000
957,1200,278,2,1,"bottle","Heineken","2020-02-06",1200
958,1000,278,7,1,"portion","Turkey","2020-02-06",1000
959,800,278,3,1,"bottle","Hollandia","2020-02-06",800
960,1050,278,8,3,"portion","Eba","2020-02-06",350
961,2400,278,4,3,"bottle","Fanta","2020-02-06",800
962,1000,279,5,1,"portion","White Rice","2020-03-07",1000
963,700,279,1,1,"bottle","Coca Cola","2020-03-07",700
964,1000,279,6,1,"portion","Fried Rice","2020-03-07",1000
965,1200,279,2,1,"bottle","Heineken","2020-03-07",1200
966,1000,279,7,1,"portion","Turkey","2020-03-07",1000
967,800,279,3,1,"bottle","Hollandia","2020-03-07",800
968,700,279,8,2,"portion","Eba","2020-03-07",350
969,1600,279,4,2,"bottle","Fanta","2020-03-07",800
970,1000,280,5,1,"portion","White Rice","2020-04-02",1000
971,700,280,1,1,"bottle","Coca Cola","2020-04-02",700
972,2100,281,1,3,"bottle","Coca Cola","2020-02-06",700
973,3600,281,2,3,"bottle","Heineken","2020-02-06",1200
974,1000,282,5,1,"portion","White Rice","2020-03-07",1000
975,700,282,1,1,"bottle","Coca Cola","2020-03-07",700
976,2000,282,6,2,"portion","Fried Rice","2020-03-07",1000
977,2400,282,2,2,"bottle","Heineken","2020-03-07",1200
978,2000,282,7,2,"portion","Turkey","2020-03-07",1000
979,1600,282,3,2,"bottle","Hollandia","2020-03-07",800
980,700,283,1,1,"bottle","Coca Cola","2020-04-02",700
981,1200,283,2,1,"bottle","Heineken","2020-04-02",1200
982,2400,283,3,3,"bottle","Hollandia","2020-04-02",800
983,2100,284,1,3,"bottle","Coca Cola","2020-04-06",700
984,3600,284,2,3,"bottle","Heineken","2020-04-06",1200
985,2000,285,5,2,"portion","White Rice","2020-04-06",1000
986,1000,286,5,1,"portion","White Rice","2020-02-06",1000
987,700,286,1,1,"bottle","Coca Cola","2020-02-06",700
988,3000,287,5,3,"portion","White Rice","2020-04-02",1000
989,2100,287,1,3,"bottle","Coca Cola","2020-04-02",700
990,2000,287,6,2,"portion","Fried Rice","2020-04-02",1000
991,2400,287,2,2,"bottle","Heineken","2020-04-02",1200
992,1000,288,5,1,"portion","White Rice","2020-04-06",1000
993,700,288,1,1,"bottle","Coca Cola","2020-04-06",700
994,1000,289,5,1,"portion","White Rice","2020-03-07",1000
995,700,289,1,1,"bottle","Coca Cola","2020-03-07",700
996,3000,289,6,3,"portion","Fried Rice","2020-03-07",1000
997,3600,289,2,3,"bottle","Heineken","2020-03-07",1200
998,2000,290,5,2,"portion","White Rice","2020-02-06",1000
999,1400,290,1,2,"bottle","Coca Cola","2020-02-06",700
1000,2000,291,5,2,"portion","White Rice","2020-04-06",1000
1001,1400,291,1,2,"bottle","Coca Cola","2020-04-06",700
1002,1000,291,6,1,"portion","Fried Rice","2020-04-06",1000
1003,1200,291,2,1,"bottle","Heineken","2020-04-06",1200
1004,1000,292,5,1,"portion","White Rice","2020-03-07",1000
1005,700,292,1,1,"bottle","Coca Cola","2020-03-07",700
1006,1000,293,5,1,"portion","White Rice","2020-02-06",1000
1007,3000,293,6,3,"portion","Fried Rice","2020-02-06",1000
1008,1000,293,7,1,"portion","Turkey","2020-02-06",1000
1009,3000,294,5,3,"portion","White Rice","2020-04-06",1000
1010,3000,294,6,3,"portion","Fried Rice","2020-04-06",1000
1011,2100,295,1,3,"bottle","Coca Cola","2020-03-07",700
1012,3600,295,2,3,"bottle","Heineken","2020-03-07",1200
1013,3000,296,5,3,"portion","White Rice","2020-04-02",1000
1014,2100,296,1,3,"bottle","Coca Cola","2020-04-02",700
1015,1000,296,6,1,"portion","Fried Rice","2020-04-02",1000
1016,1200,296,2,1,"bottle","Heineken","2020-04-02",1200
1017,2000,296,7,2,"portion","Turkey","2020-04-02",1000
1018,1600,296,3,2,"bottle","Hollandia","2020-04-02",800
1019,350,296,8,1,"portion","Eba","2020-04-02",350
1020,800,296,4,1,"bottle","Fanta","2020-04-02",800
1021,2100,297,1,3,"bottle","Coca Cola","2020-02-06",700
1022,3600,297,2,3,"bottle","Heineken","2020-02-06",1200
1023,3000,298,5,3,"portion","White Rice","2020-02-06",1000
1024,3000,298,6,3,"portion","Fried Rice","2020-02-06",1000
1025,1400,299,1,2,"bottle","Coca Cola","2020-04-06",700
1026,2400,299,2,2,"bottle","Heineken","2020-04-06",1200
1027,3000,300,5,3,"portion","White Rice","2020-04-02",1000
1028,1000,300,6,1,"portion","Fried Rice","2020-04-02",1000
1029,2000,300,7,2,"portion","Turkey","2020-04-02",1000
1030,700,300,8,2,"portion","Eba","2020-04-02",350
1031,1000,301,5,1,"portion","White Rice","2020-02-06",1000
1032,700,301,1,1,"bottle","Coca Cola","2020-02-06",700
1033,1000,301,6,1,"portion","Fried Rice","2020-02-06",1000
1034,1200,301,2,1,"bottle","Heineken","2020-02-06",1200
1035,3000,301,7,3,"portion","Turkey","2020-02-06",1000
1036,2400,301,3,3,"bottle","Hollandia","2020-02-06",800
1037,3000,302,5,3,"portion","White Rice","2020-04-06",1000
1038,1000,303,5,1,"portion","White Rice","2020-03-07",1000
1039,1400,304,1,2,"bottle","Coca Cola","2020-03-07",700
1040,3600,304,2,3,"bottle","Heineken","2020-03-07",1200
1041,2400,304,3,3,"bottle","Hollandia","2020-03-07",800
1042,3000,305,5,3,"portion","White Rice","2020-02-06",1000
1043,2100,305,1,3,"bottle","Coca Cola","2020-02-06",700
1044,2000,305,6,2,"portion","Fried Rice","2020-02-06",1000
1045,2400,305,2,2,"bottle","Heineken","2020-02-06",1200
1046,3000,305,7,3,"portion","Turkey","2020-02-06",1000
1047,2400,305,3,3,"bottle","Hollandia","2020-02-06",800
1048,350,305,8,1,"portion","Eba","2020-02-06",350
1049,800,305,4,1,"bottle","Fanta","2020-02-06",800
1050,1400,306,1,2,"bottle","Coca Cola","2020-02-06",700
1051,3600,306,2,3,"bottle","Heineken","2020-02-06",1200
1052,1000,307,5,1,"portion","White Rice","2020-04-06",1000
1053,2000,307,6,2,"portion","Fried Rice","2020-04-06",1000
1054,2100,308,1,3,"bottle","Coca Cola","2020-03-07",700
1055,1200,308,2,1,"bottle","Heineken","2020-03-07",1200
1056,800,308,3,1,"bottle","Hollandia","2020-03-07",800
1057,2400,308,4,3,"bottle","Fanta","2020-03-07",800
1058,3000,309,5,3,"portion","White Rice","2020-03-07",1000
1059,2100,309,1,3,"bottle","Coca Cola","2020-03-07",700
1060,2000,310,5,2,"portion","White Rice","2020-04-06",1000
1061,1400,310,1,2,"bottle","Coca Cola","2020-04-06",700
1062,1000,310,6,1,"portion","Fried Rice","2020-04-06",1000
1063,1200,310,2,1,"bottle","Heineken","2020-04-06",1200
1064,2100,311,1,3,"bottle","Coca Cola","2020-04-06",700
1065,3600,311,2,3,"bottle","Heineken","2020-04-06",1200
1066,2400,311,3,3,"bottle","Hollandia","2020-04-06",800
1067,2400,311,4,3,"bottle","Fanta","2020-04-06",800
1068,1400,312,1,2,"bottle","Coca Cola","2020-03-07",700
1069,2000,313,5,2,"portion","White Rice","2020-02-06",1000
1070,1000,313,6,1,"portion","Fried Rice","2020-02-06",1000
1071,2000,314,5,2,"portion","White Rice","2020-04-02",1000
1072,1400,314,1,2,"bottle","Coca Cola","2020-04-02",700
1073,1000,314,6,1,"portion","Fried Rice","2020-04-02",1000
1074,1200,314,2,1,"bottle","Heineken","2020-04-02",1200
1075,700,315,1,1,"bottle","Coca Cola","2020-04-06",700
1076,2400,315,2,2,"bottle","Heineken","2020-04-06",1200
1077,800,315,3,1,"bottle","Hollandia","2020-04-06",800
1078,2000,316,5,2,"portion","White Rice","2020-04-02",1000
1079,1400,316,1,2,"bottle","Coca Cola","2020-04-02",700
1080,1000,316,6,1,"portion","Fried Rice","2020-04-02",1000
1081,1200,316,2,1,"bottle","Heineken","2020-04-02",1200
1082,2000,316,7,2,"portion","Turkey","2020-04-02",1000
1083,1600,316,3,2,"bottle","Hollandia","2020-04-02",800
1084,1050,316,8,3,"portion","Eba","2020-04-02",350
1085,2400,316,4,3,"bottle","Fanta","2020-04-02",800
1086,2100,317,1,3,"bottle","Coca Cola","2020-03-07",700
1087,3600,317,2,3,"bottle","Heineken","2020-03-07",1200
1088,1000,318,5,1,"portion","White Rice","2020-04-06",1000
1089,3000,318,6,3,"portion","Fried Rice","2020-04-06",1000
1090,2100,319,1,3,"bottle","Coca Cola","2020-04-06",700
1091,3600,319,2,3,"bottle","Heineken","2020-04-06",1200
1092,2100,320,1,3,"bottle","Coca Cola","2020-02-06",700
1093,1200,320,2,1,"bottle","Heineken","2020-02-06",1200
1094,3000,321,5,3,"portion","White Rice","2020-03-07",1000
1095,2100,321,1,3,"bottle","Coca Cola","2020-03-07",700
1096,2000,321,6,2,"portion","Fried Rice","2020-03-07",1000
1097,2400,321,2,2,"bottle","Heineken","2020-03-07",1200
1098,3000,321,7,3,"portion","Turkey","2020-03-07",1000
1099,2400,321,3,3,"bottle","Hollandia","2020-03-07",800
1100,700,321,8,2,"portion","Eba","2020-03-07",350
1101,1600,321,4,2,"bottle","Fanta","2020-03-07",800
1102,3000,322,5,3,"portion","White Rice","2020-03-07",1000
1103,2100,322,1,3,"bottle","Coca Cola","2020-03-07",700
1104,1000,323,5,1,"portion","White Rice","2020-04-06",1000
1105,1000,323,6,1,"portion","Fried Rice","2020-04-06",1000
1106,1000,324,5,1,"portion","White Rice","2020-04-02",1000
1107,700,324,1,1,"bottle","Coca Cola","2020-04-02",700
1108,1000,324,6,1,"portion","Fried Rice","2020-04-02",1000
1109,1200,324,2,1,"bottle","Heineken","2020-04-02",1200
1110,1000,324,7,1,"portion","Turkey","2020-04-02",1000
1111,800,324,3,1,"bottle","Hollandia","2020-04-02",800
1112,1400,325,1,2,"bottle","Coca Cola","2020-04-06",700
1113,2400,325,2,2,"bottle","Heineken","2020-04-06",1200
1114,1600,325,3,2,"bottle","Hollandia","2020-04-06",800
1115,2400,325,4,3,"bottle","Fanta","2020-04-06",800
1116,3000,326,5,3,"portion","White Rice","2020-02-06",1000
1117,3000,326,6,3,"portion","Fried Rice","2020-02-06",1000
1118,2000,326,7,2,"portion","Turkey","2020-02-06",1000
1119,2000,327,5,2,"portion","White Rice","2020-03-07",1000
1120,1400,327,1,2,"bottle","Coca Cola","2020-03-07",700
1121,1000,327,6,1,"portion","Fried Rice","2020-03-07",1000
1122,1200,327,2,1,"bottle","Heineken","2020-03-07",1200
1123,3000,327,7,3,"portion","Turkey","2020-03-07",1000
1124,2400,327,3,3,"bottle","Hollandia","2020-03-07",800
1125,2000,328,5,2,"portion","White Rice","2020-02-06",1000
1126,1000,329,5,1,"portion","White Rice","2020-03-07",1000
1127,3000,329,6,3,"portion","Fried Rice","2020-03-07",1000
1128,3000,329,7,3,"portion","Turkey","2020-03-07",1000
1129,1050,329,8,3,"portion","Eba","2020-03-07",350
1130,2000,330,5,2,"portion","White Rice","2020-04-06",1000
1131,2000,330,6,2,"portion","Fried Rice","2020-04-06",1000
1132,1000,330,7,1,"portion","Turkey","2020-04-06",1000
1133,2000,331,5,2,"portion","White Rice","2020-02-06",1000
1134,2000,331,6,2,"portion","Fried Rice","2020-02-06",1000
1135,3000,331,7,3,"portion","Turkey","2020-02-06",1000
1136,350,331,8,1,"portion","Eba","2020-02-06",350
1137,3000,332,5,3,"portion","White Rice","2020-03-07",1000
1138,2000,332,6,2,"portion","Fried Rice","2020-03-07",1000
1139,2000,333,5,2,"portion","White Rice","2020-04-06",1000
1140,1400,333,1,2,"bottle","Coca Cola","2020-04-06",700
1141,2000,333,6,2,"portion","Fried Rice","2020-04-06",1000
1142,2400,333,2,2,"bottle","Heineken","2020-04-06",1200
1143,3000,334,5,3,"portion","White Rice","2020-04-02",1000
1144,2100,334,1,3,"bottle","Coca Cola","2020-04-02",700
1145,3000,335,5,3,"portion","White Rice","2020-04-02",1000
1146,3000,335,6,3,"portion","Fried Rice","2020-04-02",1000
1147,1000,335,7,1,"portion","Turkey","2020-04-02",1000
1148,1000,336,5,1,"portion","White Rice","2020-02-06",1000
1149,2000,336,6,2,"portion","Fried Rice","2020-02-06",1000
1150,2100,337,1,3,"bottle","Coca Cola","2020-03-07",700
1151,3600,337,2,3,"bottle","Heineken","2020-03-07",1200
1152,1600,337,3,2,"bottle","Hollandia","2020-03-07",800
1153,1400,338,1,2,"bottle","Coca Cola","2020-04-02",700
1154,1200,338,2,1,"bottle","Heineken","2020-04-02",1200
1155,1600,338,3,2,"bottle","Hollandia","2020-04-02",800
1156,1400,339,1,2,"bottle","Coca Cola","2020-02-06",700
1157,1200,339,2,1,"bottle","Heineken","2020-02-06",1200
1158,800,339,3,1,"bottle","Hollandia","2020-02-06",800
1159,800,339,4,1,"bottle","Fanta","2020-02-06",800
1160,2100,340,1,3,"bottle","Coca Cola","2020-04-06",700
1161,1000,341,5,1,"portion","White Rice","2020-04-06",1000
1162,700,341,1,1,"bottle","Coca Cola","2020-04-06",700
1163,2000,341,6,2,"portion","Fried Rice","2020-04-06",1000
1164,2400,341,2,2,"bottle","Heineken","2020-04-06",1200
1165,2100,342,1,3,"bottle","Coca Cola","2020-03-07",700
1166,3600,342,2,3,"bottle","Heineken","2020-03-07",1200
1167,800,342,3,1,"bottle","Hollandia","2020-03-07",800
1168,2400,342,4,3,"bottle","Fanta","2020-03-07",800
1169,700,343,1,1,"bottle","Coca Cola","2020-02-06",700
1170,1200,343,2,1,"bottle","Heineken","2020-02-06",1200
1171,1600,343,3,2,"bottle","Hollandia","2020-02-06",800
1172,2400,343,4,3,"bottle","Fanta","2020-02-06",800
1173,2000,344,5,2,"portion","White Rice","2020-02-06",1000
1174,1400,344,1,2,"bottle","Coca Cola","2020-02-06",700
1175,2000,345,5,2,"portion","White Rice","2020-04-02",1000
1176,1400,345,1,2,"bottle","Coca Cola","2020-04-02",700
1177,3000,345,6,3,"portion","Fried Rice","2020-04-02",1000
1178,3600,345,2,3,"bottle","Heineken","2020-04-02",1200
1179,1400,346,1,2,"bottle","Coca Cola","2020-02-06",700
1180,1200,346,2,1,"bottle","Heineken","2020-02-06",1200
1181,2000,347,5,2,"portion","White Rice","2020-04-02",1000
1182,1000,348,5,1,"portion","White Rice","2020-03-07",1000
1183,3000,348,6,3,"portion","Fried Rice","2020-03-07",1000
1184,2000,348,7,2,"portion","Turkey","2020-03-07",1000
1185,1000,349,5,1,"portion","White Rice","2020-04-06",1000
1186,1000,349,6,1,"portion","Fried Rice","2020-04-06",1000
1187,3000,349,7,3,"portion","Turkey","2020-04-06",1000
1188,3000,350,5,3,"portion","White Rice","2020-02-06",1000
1189,3000,351,5,3,"portion","White Rice","2020-04-06",1000
1190,2100,351,1,3,"bottle","Coca Cola","2020-04-06",700
1191,2000,352,5,2,"portion","White Rice","2020-04-06",1000
1192,3000,352,6,3,"portion","Fried Rice","2020-04-06",1000
1193,1000,352,7,1,"portion","Turkey","2020-04-06",1000
1194,3000,353,5,3,"portion","White Rice","2020-02-06",1000
1195,2100,353,1,3,"bottle","Coca Cola","2020-02-06",700
1196,1000,353,6,1,"portion","Fried Rice","2020-02-06",1000
1197,1200,353,2,1,"bottle","Heineken","2020-02-06",1200
1198,1000,353,7,1,"portion","Turkey","2020-02-06",1000
1199,800,353,3,1,"bottle","Hollandia","2020-02-06",800
1200,1400,354,1,2,"bottle","Coca Cola","2020-04-02",700
1201,2400,354,2,2,"bottle","Heineken","2020-04-02",1200
1202,2000,355,5,2,"portion","White Rice","2020-02-06",1000
1203,2000,355,6,2,"portion","Fried Rice","2020-02-06",1000
1204,3000,355,7,3,"portion","Turkey","2020-02-06",1000
1205,350,355,8,1,"portion","Eba","2020-02-06",350
1206,1400,356,1,2,"bottle","Coca Cola","2020-03-07",700
1207,3000,357,5,3,"portion","White Rice","2020-02-06",1000
1208,1400,358,1,2,"bottle","Coca Cola","2020-04-06",700
1209,1200,358,2,1,"bottle","Heineken","2020-04-06",1200
1210,2400,358,3,3,"bottle","Hollandia","2020-04-06",800
1211,1000,359,5,1,"portion","White Rice","2020-02-06",1000
1212,3000,359,6,3,"portion","Fried Rice","2020-02-06",1000
1213,2000,359,7,2,"portion","Turkey","2020-02-06",1000
1214,1000,360,5,1,"portion","White Rice","2020-04-02",1000
1215,700,360,1,1,"bottle","Coca Cola","2020-04-02",700
1216,1000,360,6,1,"portion","Fried Rice","2020-04-02",1000
1217,1200,360,2,1,"bottle","Heineken","2020-04-02",1200
1218,3000,360,7,3,"portion","Turkey","2020-04-02",1000
1219,2400,360,3,3,"bottle","Hollandia","2020-04-02",800
1220,1050,360,8,3,"portion","Eba","2020-04-02",350
1221,2400,360,4,3,"bottle","Fanta","2020-04-02",800
1222,2100,361,1,3,"bottle","Coca Cola","2020-03-07",700
1223,2400,361,2,2,"bottle","Heineken","2020-03-07",1200
1224,800,361,3,1,"bottle","Hollandia","2020-03-07",800
1225,2400,361,4,3,"bottle","Fanta","2020-03-07",800
1226,2100,362,1,3,"bottle","Coca Cola","2020-04-02",700
1227,1200,362,2,1,"bottle","Heineken","2020-04-02",1200
1228,1600,362,3,2,"bottle","Hollandia","2020-04-02",800
1229,1400,363,1,2,"bottle","Coca Cola","2020-03-07",700
1230,3600,363,2,3,"bottle","Heineken","2020-03-07",1200
1231,800,363,3,1,"bottle","Hollandia","2020-03-07",800
1232,1600,363,4,2,"bottle","Fanta","2020-03-07",800
1233,1000,364,5,1,"portion","White Rice","2020-03-07",1000
1234,2000,364,6,2,"portion","Fried Rice","2020-03-07",1000
1235,3000,364,7,3,"portion","Turkey","2020-03-07",1000
1236,700,365,1,1,"bottle","Coca Cola","2020-04-06",700
1237,3600,365,2,3,"bottle","Heineken","2020-04-06",1200
1238,1600,365,3,2,"bottle","Hollandia","2020-04-06",800
1239,3000,366,5,3,"portion","White Rice","2020-04-06",1000
1240,2100,366,1,3,"bottle","Coca Cola","2020-04-06",700
1241,1000,367,5,1,"portion","White Rice","2020-04-06",1000
1242,2000,367,6,2,"portion","Fried Rice","2020-04-06",1000
1243,700,368,1,1,"bottle","Coca Cola","2020-04-02",700
1244,1200,368,2,1,"bottle","Heineken","2020-04-02",1200
1245,800,368,3,1,"bottle","Hollandia","2020-04-02",800
1246,1400,369,1,2,"bottle","Coca Cola","2020-03-07",700
1247,3600,369,2,3,"bottle","Heineken","2020-03-07",1200
1248,700,370,1,1,"bottle","Coca Cola","2020-02-06",700
1249,1200,370,2,1,"bottle","Heineken","2020-02-06",1200
1250,2400,370,3,3,"bottle","Hollandia","2020-02-06",800
1251,2100,371,1,3,"bottle","Coca Cola","2020-04-02",700
1252,3600,371,2,3,"bottle","Heineken","2020-04-02",1200
1253,1600,371,3,2,"bottle","Hollandia","2020-04-02",800
1254,1600,371,4,2,"bottle","Fanta","2020-04-02",800
1255,1000,372,5,1,"portion","White Rice","2020-02-06",1000
1256,1000,372,6,1,"portion","Fried Rice","2020-02-06",1000
1257,1000,372,7,1,"portion","Turkey","2020-02-06",1000
1258,350,372,8,1,"portion","Eba","2020-02-06",350
1259,1000,373,5,1,"portion","White Rice","2020-02-06",1000
1260,2100,374,1,3,"bottle","Coca Cola","2020-04-06",700
1261,1200,374,2,1,"bottle","Heineken","2020-04-06",1200
1262,1600,374,3,2,"bottle","Hollandia","2020-04-06",800
1263,1600,374,4,2,"bottle","Fanta","2020-04-06",800
1264,1400,375,1,2,"bottle","Coca Cola","2020-02-06",700
1265,1000,376,5,1,"portion","White Rice","2020-04-02",1000
1266,700,376,1,1,"bottle","Coca Cola","2020-04-02",700
1267,2100,377,1,3,"bottle","Coca Cola","2020-02-06",700
1268,3600,377,2,3,"bottle","Heineken","2020-02-06",1200
1269,1400,378,1,2,"bottle","Coca Cola","2020-04-06",700
1270,3600,378,2,3,"bottle","Heineken","2020-04-06",1200
1271,1000,379,5,1,"portion","White Rice","2020-03-07",1000
1272,2000,379,6,2,"portion","Fried Rice","2020-03-07",1000
1273,2000,379,7,2,"portion","Turkey","2020-03-07",1000
1274,700,380,1,1,"bottle","Coca Cola","2020-03-07",700
1275,1200,380,2,1,"bottle","Heineken","2020-03-07",1200
1276,800,380,3,1,"bottle","Hollandia","2020-03-07",800
1277,2000,381,5,2,"portion","White Rice","2020-02-06",1000
1278,1000,381,6,1,"portion","Fried Rice","2020-02-06",1000
1279,3000,381,7,3,"portion","Turkey","2020-02-06",1000
1280,1400,382,1,2,"bottle","Coca Cola","2020-03-07",700
1281,1200,382,2,1,"bottle","Heineken","2020-03-07",1200
1282,800,382,3,1,"bottle","Hollandia","2020-03-07",800
1283,800,382,4,1,"bottle","Fanta","2020-03-07",800
1284,700,383,1,1,"bottle","Coca Cola","2020-02-06",700
1285,2400,383,2,2,"bottle","Heineken","2020-02-06",1200
1286,1600,383,3,2,"bottle","Hollandia","2020-02-06",800
1287,800,383,4,1,"bottle","Fanta","2020-02-06",800
1288,1000,384,5,1,"portion","White Rice","2020-02-06",1000
1289,700,384,1,1,"bottle","Coca Cola","2020-02-06",700
1290,2000,384,6,2,"portion","Fried Rice","2020-02-06",1000
1291,2400,384,2,2,"bottle","Heineken","2020-02-06",1200
1292,1000,384,7,1,"portion","Turkey","2020-02-06",1000
1293,800,384,3,1,"bottle","Hollandia","2020-02-06",800
1294,1400,385,1,2,"bottle","Coca Cola","2020-04-06",700
1295,1200,385,2,1,"bottle","Heineken","2020-04-06",1200
1296,800,385,3,1,"bottle","Hollandia","2020-04-06",800
1297,800,385,4,1,"bottle","Fanta","2020-04-06",800
1298,2100,386,1,3,"bottle","Coca Cola","2020-04-06",700
1299,2400,386,2,2,"bottle","Heineken","2020-04-06",1200
1300,2400,386,3,3,"bottle","Hollandia","2020-04-06",800
1301,700,387,1,1,"bottle","Coca Cola","2020-03-07",700
1302,2100,388,1,3,"bottle","Coca Cola","2020-04-06",700
1303,3600,388,2,3,"bottle","Heineken","2020-04-06",1200
1304,800,388,3,1,"bottle","Hollandia","2020-04-06",800
1305,2000,389,5,2,"portion","White Rice","2020-04-02",1000
1306,1400,389,1,2,"bottle","Coca Cola","2020-04-02",700
1307,2000,389,6,2,"portion","Fried Rice","2020-04-02",1000
1308,2400,389,2,2,"bottle","Heineken","2020-04-02",1200
1309,3000,390,5,3,"portion","White Rice","2020-04-02",1000
1310,2100,390,1,3,"bottle","Coca Cola","2020-04-02",700
1311,1000,390,6,1,"portion","Fried Rice","2020-04-02",1000
1312,1200,390,2,1,"bottle","Heineken","2020-04-02",1200
1313,700,391,1,1,"bottle","Coca Cola","2020-04-06",700
1314,1200,391,2,1,"bottle","Heineken","2020-04-06",1200
1315,2400,391,3,3,"bottle","Hollandia","2020-04-06",800
1316,2400,391,4,3,"bottle","Fanta","2020-04-06",800
1317,3000,392,5,3,"portion","White Rice","2020-02-06",1000
1318,2100,392,1,3,"bottle","Coca Cola","2020-02-06",700
1319,2000,392,6,2,"portion","Fried Rice","2020-02-06",1000
1320,2400,392,2,2,"bottle","Heineken","2020-02-06",1200
1321,2000,392,7,2,"portion","Turkey","2020-02-06",1000
1322,1600,392,3,2,"bottle","Hollandia","2020-02-06",800
1323,3000,393,5,3,"portion","White Rice","2020-02-06",1000
1324,2000,393,6,2,"portion","Fried Rice","2020-02-06",1000
1325,3000,394,5,3,"portion","White Rice","2020-03-07",1000
1326,2000,394,6,2,"portion","Fried Rice","2020-03-07",1000
1327,3000,395,5,3,"portion","White Rice","2020-04-02",1000
1328,1000,395,6,1,"portion","Fried Rice","2020-04-02",1000
1329,3000,396,5,3,"portion","White Rice","2020-04-06",1000
1330,2100,396,1,3,"bottle","Coca Cola","2020-04-06",700
1331,1000,397,5,1,"portion","White Rice","2020-04-02",1000
1332,2000,397,6,2,"portion","Fried Rice","2020-04-02",1000
1333,2000,397,7,2,"portion","Turkey","2020-04-02",1000
1334,700,397,8,2,"portion","Eba","2020-04-02",350
1335,1000,398,5,1,"portion","White Rice","2020-03-07",1000
1336,700,398,1,1,"bottle","Coca Cola","2020-03-07",700
1337,3000,399,5,3,"portion","White Rice","2020-03-07",1000
1338,2100,399,1,3,"bottle","Coca Cola","2020-03-07",700
1339,2000,399,6,2,"portion","Fried Rice","2020-03-07",1000
1340,2400,399,2,2,"bottle","Heineken","2020-03-07",1200
1341,1000,400,5,1,"portion","White Rice","2020-02-06",1000
1342,3000,400,6,3,"portion","Fried Rice","2020-02-06",1000
1343,1400,401,1,2,"bottle","Coca Cola","2020-02-06",700
1344,3600,401,2,3,"bottle","Heineken","2020-02-06",1200
1345,2100,402,1,3,"bottle","Coca Cola","2020-04-02",700
1346,1200,402,2,1,"bottle","Heineken","2020-04-02",1200
1347,2400,402,3,3,"bottle","Hollandia","2020-04-02",800
1348,1000,403,5,1,"portion","White Rice","2020-04-02",1000
1349,3000,403,6,3,"portion","Fried Rice","2020-04-02",1000
1350,2000,403,7,2,"portion","Turkey","2020-04-02",1000
1351,3000,404,5,3,"portion","White Rice","2020-02-06",1000
1352,1000,404,6,1,"portion","Fried Rice","2020-02-06",1000
1353,3000,405,5,3,"portion","White Rice","2020-04-02",1000
1354,2000,405,6,2,"portion","Fried Rice","2020-04-02",1000
1355,2000,405,7,2,"portion","Turkey","2020-04-02",1000
1356,1400,406,1,2,"bottle","Coca Cola","2020-04-06",700
1357,3600,406,2,3,"bottle","Heineken","2020-04-06",1200
1358,1400,407,1,2,"bottle","Coca Cola","2020-04-02",700
1359,3600,407,2,3,"bottle","Heineken","2020-04-02",1200
1360,3000,408,5,3,"portion","White Rice","2020-04-06",1000
1361,2100,408,1,3,"bottle","Coca Cola","2020-04-06",700
1362,2000,408,6,2,"portion","Fried Rice","2020-04-06",1000
1363,2400,408,2,2,"bottle","Heineken","2020-04-06",1200
1364,3000,408,7,3,"portion","Turkey","2020-04-06",1000
1365,2400,408,3,3,"bottle","Hollandia","2020-04-06",800
1366,3000,409,5,3,"portion","White Rice","2020-04-06",1000
1367,2000,409,6,2,"portion","Fried Rice","2020-04-06",1000
1368,1000,409,7,1,"portion","Turkey","2020-04-06",1000
1369,350,409,8,1,"portion","Eba","2020-04-06",350
1370,2000,410,5,2,"portion","White Rice","2020-04-06",1000
1371,2000,410,6,2,"portion","Fried Rice","2020-04-06",1000
1372,1000,411,5,1,"portion","White Rice","2020-04-06",1000
1373,3000,412,5,3,"portion","White Rice","2020-04-06",1000
1374,2100,412,1,3,"bottle","Coca Cola","2020-04-06",700
1375,2000,412,6,2,"portion","Fried Rice","2020-04-06",1000
1376,2400,412,2,2,"bottle","Heineken","2020-04-06",1200
1377,2100,413,1,3,"bottle","Coca Cola","2020-04-06",700
1378,2400,413,2,2,"bottle","Heineken","2020-04-06",1200
1379,800,413,3,1,"bottle","Hollandia","2020-04-06",800
1380,1600,413,4,2,"bottle","Fanta","2020-04-06",800
1381,1000,414,5,1,"portion","White Rice","2020-04-02",1000
1382,2100,415,1,3,"bottle","Coca Cola","2020-03-07",700
1383,2100,416,1,3,"bottle","Coca Cola","2020-03-07",700
1384,700,417,1,1,"bottle","Coca Cola","2020-02-06",700
1385,2400,417,2,2,"bottle","Heineken","2020-02-06",1200
1386,2400,417,3,3,"bottle","Hollandia","2020-02-06",800
1387,2400,417,4,3,"bottle","Fanta","2020-02-06",800
1388,3000,418,5,3,"portion","White Rice","2020-03-07",1000
1389,2100,418,1,3,"bottle","Coca Cola","2020-03-07",700
1390,3000,419,5,3,"portion","White Rice","2020-03-07",1000
1391,3000,419,6,3,"portion","Fried Rice","2020-03-07",1000
1392,3000,419,7,3,"portion","Turkey","2020-03-07",1000
1393,2000,420,5,2,"portion","White Rice","2020-03-07",1000
1394,1400,420,1,2,"bottle","Coca Cola","2020-03-07",700
1395,3000,420,6,3,"portion","Fried Rice","2020-03-07",1000
1396,3600,420,2,3,"bottle","Heineken","2020-03-07",1200
1397,2000,420,7,2,"portion","Turkey","2020-03-07",1000
1398,1600,420,3,2,"bottle","Hollandia","2020-03-07",800
1399,2000,421,5,2,"portion","White Rice","2020-04-02",1000
1400,1000,421,6,1,"portion","Fried Rice","2020-04-02",1000
1401,1400,422,1,2,"bottle","Coca Cola","2020-03-07",700
1402,2400,422,2,2,"bottle","Heineken","2020-03-07",1200
1403,800,422,3,1,"bottle","Hollandia","2020-03-07",800
1404,3000,423,5,3,"portion","White Rice","2020-03-07",1000
1405,2000,423,6,2,"portion","Fried Rice","2020-03-07",1000
1406,2000,423,7,2,"portion","Turkey","2020-03-07",1000
1407,700,423,8,2,"portion","Eba","2020-03-07",350
1408,1000,424,5,1,"portion","White Rice","2020-04-06",1000
1409,1000,425,5,1,"portion","White Rice","2020-04-06",1000
1410,3000,425,6,3,"portion","Fried Rice","2020-04-06",1000
1411,700,426,1,1,"bottle","Coca Cola","2020-04-02",700
1412,3600,426,2,3,"bottle","Heineken","2020-04-02",1200
1413,1600,426,3,2,"bottle","Hollandia","2020-04-02",800
1414,800,426,4,1,"bottle","Fanta","2020-04-02",800
1415,1000,427,5,1,"portion","White Rice","2020-03-07",1000
1416,3000,427,6,3,"portion","Fried Rice","2020-03-07",1000
1417,1000,427,7,1,"portion","Turkey","2020-03-07",1000
1418,3000,428,5,3,"portion","White Rice","2020-04-02",1000
1419,1400,429,1,2,"bottle","Coca Cola","2020-04-06",700
1420,2000,430,5,2,"portion","White Rice","2020-03-07",1000
1421,1000,430,6,1,"portion","Fried Rice","2020-03-07",1000
1422,1000,430,7,1,"portion","Turkey","2020-03-07",1000
1423,1000,431,5,1,"portion","White Rice","2020-04-06",1000
1424,2000,431,6,2,"portion","Fried Rice","2020-04-06",1000
1425,3000,432,5,3,"portion","White Rice","2020-02-06",1000
1426,2000,432,6,2,"portion","Fried Rice","2020-02-06",1000
1427,1000,432,7,1,"portion","Turkey","2020-02-06",1000
1428,350,432,8,1,"portion","Eba","2020-02-06",350
1429,1000,433,5,1,"portion","White Rice","2020-02-06",1000
1430,700,433,1,1,"bottle","Coca Cola","2020-02-06",700
1431,2000,433,6,2,"portion","Fried Rice","2020-02-06",1000
1432,2400,433,2,2,"bottle","Heineken","2020-02-06",1200
1433,1000,433,7,1,"portion","Turkey","2020-02-06",1000
1434,800,433,3,1,"bottle","Hollandia","2020-02-06",800
1435,3000,434,5,3,"portion","White Rice","2020-04-06",1000
1436,2100,435,1,3,"bottle","Coca Cola","2020-04-06",700
1437,3600,435,2,3,"bottle","Heineken","2020-04-06",1200
1438,1400,436,1,2,"bottle","Coca Cola","2020-04-06",700
1439,2100,437,1,3,"bottle","Coca Cola","2020-02-06",700
1440,2000,438,5,2,"portion","White Rice","2020-04-06",1000
1441,1400,438,1,2,"bottle","Coca Cola","2020-04-06",700
1442,1000,438,6,1,"portion","Fried Rice","2020-04-06",1000
1443,1200,438,2,1,"bottle","Heineken","2020-04-06",1200
1444,700,439,1,1,"bottle","Coca Cola","2020-04-02",700
1445,1000,440,5,1,"portion","White Rice","2020-03-07",1000
1446,2000,440,6,2,"portion","Fried Rice","2020-03-07",1000
1447,3000,440,7,3,"portion","Turkey","2020-03-07",1000
1448,1050,440,8,3,"portion","Eba","2020-03-07",350
1449,2000,441,5,2,"portion","White Rice","2020-03-07",1000
1450,1400,441,1,2,"bottle","Coca Cola","2020-03-07",700
1451,2000,441,6,2,"portion","Fried Rice","2020-03-07",1000
1452,2400,441,2,2,"bottle","Heineken","2020-03-07",1200
1453,2000,441,7,2,"portion","Turkey","2020-03-07",1000
1454,1600,441,3,2,"bottle","Hollandia","2020-03-07",800
1455,2100,442,1,3,"bottle","Coca Cola","2020-03-07",700
1456,3600,442,2,3,"bottle","Heineken","2020-03-07",1200
1457,800,442,3,1,"bottle","Hollandia","2020-03-07",800
1458,1600,442,4,2,"bottle","Fanta","2020-03-07",800
1459,2000,443,5,2,"portion","White Rice","2020-02-06",1000
1460,1400,443,1,2,"bottle","Coca Cola","2020-02-06",700
1461,3000,443,6,3,"portion","Fried Rice","2020-02-06",1000
1462,3600,443,2,3,"bottle","Heineken","2020-02-06",1200
1463,2000,443,7,2,"portion","Turkey","2020-02-06",1000
1464,1600,443,3,2,"bottle","Hollandia","2020-02-06",800
1465,350,443,8,1,"portion","Eba","2020-02-06",350
1466,800,443,4,1,"bottle","Fanta","2020-02-06",800
1467,3000,444,5,3,"portion","White Rice","2020-04-06",1000
1468,2000,444,6,2,"portion","Fried Rice","2020-04-06",1000
1469,1000,444,7,1,"portion","Turkey","2020-04-06",1000
1470,1050,444,8,3,"portion","Eba","2020-04-06",350
1471,3000,445,5,3,"portion","White Rice","2020-04-02",1000
1472,3000,445,6,3,"portion","Fried Rice","2020-04-02",1000
1473,2100,446,1,3,"bottle","Coca Cola","2020-02-06",700
1474,1200,446,2,1,"bottle","Heineken","2020-02-06",1200
1475,3000,447,5,3,"portion","White Rice","2020-02-06",1000
1476,2000,447,6,2,"portion","Fried Rice","2020-02-06",1000
1477,3000,447,7,3,"portion","Turkey","2020-02-06",1000
1478,1400,448,1,2,"bottle","Coca Cola","2020-02-06",700
1479,1200,448,2,1,"bottle","Heineken","2020-02-06",1200
1480,3000,449,5,3,"portion","White Rice","2020-03-07",1000
1481,1000,449,6,1,"portion","Fried Rice","2020-03-07",1000
1482,1000,450,5,1,"portion","White Rice","2020-02-06",1000
1483,3000,451,5,3,"portion","White Rice","2020-04-04",1000
1484,2100,452,1,3,"bottle","Coca Cola","2020-04-04",700
1485,2000,453,5,2,"portion","White Rice","2020-04-06",1000
1486,1400,453,1,2,"bottle","Coca Cola","2020-04-06",700
1487,2000,454,5,2,"portion","White Rice","2020-04-06",1000
1488,1400,454,1,2,"bottle","Coca Cola","2020-04-06",700
1489,3000,454,6,3,"portion","Fried Rice","2020-04-06",1000
1490,3600,454,2,3,"bottle","Heineken","2020-04-06",1200
1491,1000,454,7,1,"portion","Turkey","2020-04-06",1000
1492,800,454,3,1,"bottle","Hollandia","2020-04-06",800
1493,3000,455,5,3,"portion","White Rice","2020-04-04",1000
1494,3000,455,6,3,"portion","Fried Rice","2020-04-04",1000
1495,3000,455,7,3,"portion","Turkey","2020-04-04",1000
1496,350,455,8,1,"portion","Eba","2020-04-04",350
1497,1400,456,1,2,"bottle","Coca Cola","2020-04-05",700
1498,2400,456,2,2,"bottle","Heineken","2020-04-05",1200
1499,800,456,3,1,"bottle","Hollandia","2020-04-05",800
1500,2100,457,1,3,"bottle","Coca Cola","2020-04-05",700
1501,2400,457,2,2,"bottle","Heineken","2020-04-05",1200
1502,2100,458,1,3,"bottle","Coca Cola","2020-04-05",700
1503,1200,458,2,1,"bottle","Heineken","2020-04-05",1200
1504,1600,458,3,2,"bottle","Hollandia","2020-04-05",800
1505,800,458,4,1,"bottle","Fanta","2020-04-05",800
1506,2100,459,1,3,"bottle","Coca Cola","2020-04-06",700
1507,3600,459,2,3,"bottle","Heineken","2020-04-06",1200
1508,2400,459,3,3,"bottle","Hollandia","2020-04-06",800
1509,800,459,4,1,"bottle","Fanta","2020-04-06",800
1510,1000,460,5,1,"portion","White Rice","2020-04-05",1000
1511,2100,461,1,3,"bottle","Coca Cola","2020-04-04",700
1512,2400,461,2,2,"bottle","Heineken","2020-04-04",1200
1513,2400,461,3,3,"bottle","Hollandia","2020-04-04",800
1514,2100,462,1,3,"bottle","Coca Cola","2020-04-04",700
1515,1200,462,2,1,"bottle","Heineken","2020-04-04",1200
1516,2000,463,5,2,"portion","White Rice","2020-04-04",1000
1517,1000,463,6,1,"portion","Fried Rice","2020-04-04",1000
1518,1000,463,7,1,"portion","Turkey","2020-04-04",1000
1519,2000,464,5,2,"portion","White Rice","2020-04-04",1000
1520,2000,464,6,2,"portion","Fried Rice","2020-04-04",1000
1521,2000,464,7,2,"portion","Turkey","2020-04-04",1000
1522,1050,464,8,3,"portion","Eba","2020-04-04",350
1523,2000,465,5,2,"portion","White Rice","2020-04-05",1000
1524,1400,465,1,2,"bottle","Coca Cola","2020-04-05",700
1525,2000,465,6,2,"portion","Fried Rice","2020-04-05",1000
1526,2400,465,2,2,"bottle","Heineken","2020-04-05",1200
1527,1000,466,5,1,"portion","White Rice","2020-04-05",1000
1528,700,466,1,1,"bottle","Coca Cola","2020-04-05",700
1529,2000,466,6,2,"portion","Fried Rice","2020-04-05",1000
1530,2400,466,2,2,"bottle","Heineken","2020-04-05",1200
1531,2000,467,5,2,"portion","White Rice","2020-04-04",1000
1532,1400,467,1,2,"bottle","Coca Cola","2020-04-04",700
1533,1000,467,6,1,"portion","Fried Rice","2020-04-04",1000
1534,1200,467,2,1,"bottle","Heineken","2020-04-04",1200
1535,3000,467,7,3,"portion","Turkey","2020-04-04",1000
1536,2400,467,3,3,"bottle","Hollandia","2020-04-04",800
1537,1000,468,5,1,"portion","White Rice","2020-04-04",1000
1538,700,468,1,1,"bottle","Coca Cola","2020-04-04",700
1539,1000,468,6,1,"portion","Fried Rice","2020-04-04",1000
1540,1200,468,2,1,"bottle","Heineken","2020-04-04",1200
1541,2000,468,7,2,"portion","Turkey","2020-04-04",1000
1542,1600,468,3,2,"bottle","Hollandia","2020-04-04",800
1543,2000,469,5,2,"portion","White Rice","2020-04-04",1000
1544,1400,469,1,2,"bottle","Coca Cola","2020-04-04",700
1545,2000,469,6,2,"portion","Fried Rice","2020-04-04",1000
1546,2400,469,2,2,"bottle","Heineken","2020-04-04",1200
1547,2100,470,1,3,"bottle","Coca Cola","2020-04-06",700
1548,1200,470,2,1,"bottle","Heineken","2020-04-06",1200
1549,2400,470,3,3,"bottle","Hollandia","2020-04-06",800
1550,2400,470,4,3,"bottle","Fanta","2020-04-06",800