1,"2020-03-07","2020-03-07","cancelled","{""name"":""Joker Haha""}","{""name"":""Hehe Smiley""}","Service Delay","{""departments"":[""kitchen""]}",3000
2,"2020-04-02","2020-04-02","cancelled","{""name"":""Joker Haha""}","{""name"":""Hehe Smiley""}","Service Delay","{""departments"":[""kitchen"",""bar""]}",10100
3,"2020-04-02","2020-04-02","cancelled","{""name"":""Joker Haha""}","{""name"":""Hehe Smiley""}","Service Delay","{""departments"":[""kitchen"",""bar""]}",16450
4,"2020-03-07","2020-03-07","cancelled","{""name"":""Joker Haha""}","{""name"":""Hehe Smiley""}","Service Delay","{""departments"":[""bar""]}",1900
5,"2020-04-06","2020-04-06","cancelled","{""name"":""Joker Haha""}","{""name"":""Hehe Smiley""}","Service Delay","{""departments"":[""bar""]}",1400
6,"2020-04-06","2020-04-06","cancelled","{""name"":""Joker Haha""}","{""name"":""Hehe Smiley""}","Service Delay","{""departments"":[""bar""]}",6600
7,"2020-02-06","2020-02-06","cancelled","{""name"":""Joker Haha""}","{""name"":""Hehe Smiley""}","Service Delay","{""departments"":[""kitchen""]}",7350
8,"2020-02-06","2020-02-06","cancelled","{""name"":""Joker Haha""}","{""name"":""Hehe Smiley""}","Service Delay","{""departments"":[""kitchen""]}",3000
9,"2020-04-06","2020-04-06","cancelled","{""name"":""Joker Haha""}","{""name"":""Hehe Smiley""}","Service Delay","{""departments"":[""kitchen""]}",5050
10,"2020-04-02","2020-04-02","cancelled","{""name"":""Joker Haha""}","{""name"":""Hehe Smiley""}","Service Delay","{""departments"":[""kitchen""]}",5050
11,"2020-03-07","2020-03-07","cancelled","{""name"":""Joker Haha""}","{""name"":""Hehe Smiley""}","Service Delay","{""departments"":[""kitchen""]}",5000
12,"2020-04-02","2020-04-02","cancelled","{""name"":""Joker Haha""}","{""name"":""Hehe Smiley""}","Service Delay","{""departments"":[""kitchen""]}",1000
13,"2020-02-06","2020-02-06","cancelled","{""name"":""Joker Haha""}","{""name"":""Hehe Smiley""}","Service Delay","{""departments"":[""bar""]}",5100
14,"2020-04-06","2020-04-06","cancelled","{""name"":""Joker Haha""}","{""name"":""Hehe Smiley""}","Service Delay","{""departments"":[""kitchen"",""bar""]}",14850
15,"2020-02-06","2020-02-06","cancelled","{""name"":""Joker Haha""}","{""name"":""Hehe Smiley""}","Service Delay","{""departments"":[""kitchen"",""bar""]}",10850
16,"2020-04-02","2020-04-02","cancelled","{""name"":""Joker Haha""}","{""name"":""Hehe Smiley""}","Service Delay","{""departments"":[""kitchen""]}",4000
17,"2020-04-06","2020-04-06","cancelled","{""name"":""Joker Haha""}","{""name"":""Hehe Smiley""}","Service Delay","{""departments"":[""kitchen""]}",6000
18,"2020-02-06","2020-02-06","cancelled","{""name"":""Joker Haha""}","{""name"":""Hehe Smiley""}","Service Delay","{""departments"":[""bar""]}",3500
19,"2020-04-06","2020-04-06","cancelled","{""name"":""Joker Haha""}","{""name"":""Hehe Smiley""}","Service Delay","{""departments"":[""bar""]}",1400
20,"2020-02-06","2020-02-06","cancelled","{""name"":""Joker Haha""}","{""name"":""Hehe Smiley""}","Service Delay","{""departments"":[""kitchen"",""bar""]}",13200
21,"2020-04-02","2020-04-02","cancelled","{""name"":""Joker Haha""}","{""name"":""Hehe Smiley""}","Service Delay","{""departments"":[""kitchen"",""bar""]}",3400
22,"2020-04-02","2020-04-02","cancelled","{""name"":""Joker Haha""}","{""name"":""Hehe Smiley""}","Service Delay","{""departments"":[""bar""]}",5500
23,"2020-04-06","2020-04-06","cancelled","{""name"":""Joker Haha""}","{""name"":""Hehe Smiley""}","Service Delay","{""departments"":[""kitchen""]}",1000
24,"2020-03-07","2020-03-07","cancelled","{""name"":""Joker Haha""}","{""name"":""Hehe Smiley""}","Service Delay","{""departments"":[""kitchen"",""bar""]}",13600
25,"2020-04-02","2020-04-02","cancelled","{""name"":""Joker Haha""}","{""name"":""Hehe Smiley""}","Service Delay","{""departments"":[""kitchen""]}",7700
26,"2020-03-07","2020-03-07","cancelled","{""name"":""Joker Haha""}","{""name"":""Hehe Smiley""}","Service Delay","{""departments"":[""kitchen"",""bar""]}",1700
27,"2020-04-02","2020-04-02","cancelled","{""name"":""Joker Haha""}","{""name"":""Hehe Smiley""}","Service Delay","{""departments"":[""bar""]}",5000
28,"2020-04-02","2020-04-02","cancelled","{""name"":""Joker Haha""}","{""name"":""Hehe Smiley""}","Service Delay","{""departments"":[""bar""]}",2600
29,"2020-04-02","2020-04-02","cancelled","{""name"":""Joker Haha""}","{""name"":""Hehe Smiley""}","Service Delay","{""departments"":[""kitchen"",""bar""]}",1700
30,"2020-03-07","2020-03-07","cancelled","{""name"":""Joker Haha""}","{""name"":""Hehe Smiley""}","Service Delay","{""departments"":[""bar""]}",1900
31,"2020-04-06","2020-04-06","cancelled","{""name"":""Joker Haha""}","{""name"":""Hehe Smiley""}","Service Delay","{""departments"":[""kitchen"",""bar""]}",7400
32,"2020-04-06","2020-04-06","cancelled","{""name"":""Joker Haha""}","{""name"":""Hehe Smiley""}","Service Delay","{""departments"":[""kitchen"",""bar""]}",10100
33,"2020-03-07","2020-03-07","cancelled","{""name"":""Joker Haha""}","{""name"":""Hehe Smiley""}","Service Delay","{""departments"":[""kitchen""]}",2000
34,"2020-03-07","2020-03-07","cancelled","{""name"":""Joker Haha""}","{""name"":""Hehe Smiley""}","Service Delay","{""departments"":[""kitchen"",""bar""]}",17100
35,"2020-04-06","2020-04-06","cancelled","{""name"":""Joker Haha""}","{""name"":""Hehe Smiley""}","Service Delay","{""departments"":[""bar""]}",5000
36,"2020-04-06","2020-04-06","cancelled","{""name"":""Joker Haha""}","{""name"":""Hehe Smiley""}","Service Delay","{""departments"":[""kitchen"",""bar""]}",9300
37,"2020-04-02","2020-04-02","cancelled","{""name"":""Joker Haha""}","{""name"":""Hehe Smiley""}","Service Delay","{""departments"":[""kitchen"",""bar""]}",6100
38,"2020-03-07","2020-03-07","cancelled","{""name"":""Joker Haha""}","{""name"":""Hehe Smiley""}","Service Delay","{""departments"":[""kitchen""]}",5000
39,"2020-04-06","2020-04-06","cancelled","{""name"":""Joker Haha""}","{""name"":""Hehe Smiley""}","Service Delay","{""departments"":[""kitchen"",""bar""]}",7800
40,"2020-04-02","2020-04-02","cancelled","{""name"":""Joker Haha""}","{""name"":""Hehe Smiley""}","Service Delay","{""departments"":[""kitchen"",""bar""]}",17600
41,"2020-04-02","2020-04-02","cancelled","{""name"":""Joker Haha""}","{""name"":""Hehe Smiley""}","Service Delay","{""departments"":[""kitchen"",""bar""]}",12000
42,"2020-04-06","2020-04-06","cancelled","{""name"":""Joker Haha""}","{""name"":""Hehe Smiley""}","Service Delay","{""departments"":[""bar""]}",700
43,"2020-02-06","2020-02-06","cancelled","{""name"":""Joker Haha""}","{""name"":""Hehe Smiley""}","Service Delay","{""departments"":[""bar""]}",700
44,"2020-04-06","2020-04-06","cancelled","{""name"":""Joker Haha""}","{""name"":""Hehe Smiley""}","Service Delay","{""departments"":[""bar""]}",1900
45,"2020-04-06","2020-04-06","cancelled","{""name"":""Joker Haha""}","{""name"":""Hehe Smiley""}","Service Delay","{""departments"":[""kitchen""]}",3000
46,"2020-04-06","2020-04-06","cancelled","{""name"":""Joker Haha""}","{""name"":""Hehe Smiley""}","Service Delay","{""departments"":[""kitchen""]}",4000
47,"2020-04-02","2020-04-02","cancelled","{""name"":""Joker Haha""}","{""name"":""Hehe Smiley""}","Service Delay","{""departments"":[""bar""]}",4700
48,"2020-04-06","2020-04-06","cancelled","{""name"":""Joker Haha""}","{""name"":""Hehe Smiley""}","Service Delay","{""departments"":[""kitchen""]}",5000
49,"2020-03-07","2020-03-07","cancelled","{""name"":""Joker Haha""}","{""name"":""Hehe Smiley""}","Service Delay","{""departments"":[""bar""]}",8900
50,"2020-04-02","2020-04-02","cancelled","{""name"":""Joker Haha""}","{""name"":""Hehe Smiley""}","Service Delay","{""departments"":[""kitchen"",""bar""]}",10100
51,"2020-03-07","2020-03-07","fulfilled","{""name"":""Joker Haha""}","{""name"":""Hehe Smiley""}",,"{""departments"":[""bar""]}",2100
52,"2020-04-06","2020-04-06","fulfilled","{""name"":""Joker Haha""}","{""name"":""Hehe Smiley""}",,"{""departments"":[""kitchen"",""bar""]}",1700
53,"2020-02-06","2020-02-06","fulfilled","{""name"":""Joker Haha""}","{""name"":""Hehe Smiley""}",,"{""departments"":[""kitchen"",""bar""]}",15400
54,"2020-02-06","2020-02-06","fulfilled","{""name"":""Joker Haha""}","{""name"":""Hehe Smiley""}",,"{""departments"":[""kitchen""]}",3350
55,"2020-02-06","2020-02-06","fulfilled","{""name"":""Joker Haha""}","{""name"":""Hehe Smiley""}",,"{""departments"":[""kitchen"",""bar""]}",9700
56,"2020-04-06","2020-04-06","fulfilled","{""name"":""Joker Haha""}","{""name"":""Hehe Smiley""}",,"{""departments"":[""bar""]}",3300
57,"2020-03-07","2020-03-07","fulfilled","{""name"":""Joker Haha""}","{""name"":""Hehe Smiley""}",,"{""departments"":[""kitchen""]}",8000
58,"2020-04-06","2020-04-06","fulfilled","{""name"":""Joker Haha""}","{""name"":""Hehe Smiley""}",,"{""departments"":[""bar""]}",700
59,"2020-02-06","2020-02-06","fulfilled","{""name"":""Joker Haha""}","{""name"":""Hehe Smiley""}",,"{""departments"":[""kitchen""]}",2000
60,"2020-04-02","2020-04-02","fulfilled","{""name"":""Joker Haha""}","{""name"":""Hehe Smiley""}",,"{""departments"":[""kitchen""]}",6000
61,"2020-04-06","2020-04-06","fulfilled","{""name"":""Joker Haha""}","{""name"":""Hehe Smiley""}",,"{""departments"":[""kitchen""]}",8350
62,"2020-03-07","2020-03-07","fulfilled","{""name"":""Joker Haha""}","{""name"":""Hehe Smiley""}",,"{""departments"":[""kitchen""]}",5000
63,"2020-04-02","2020-04-02","fulfilled","{""name"":""Joker Haha""}","{""name"":""Hehe Smiley""}",,"{""departments"":[""bar""]}",4500
64,"2020-04-06","2020-04-06","fulfilled","{""name"":""Joker Haha""}","{""name"":""Hehe Smiley""}",,"{""departments"":[""kitchen""]}",6350
65,"2020-03-07","2020-03-07","fulfilled","{""name"":""Joker Haha""}","{""name"":""Hehe Smiley""}",,"{""departments"":[""kitchen"",""bar""]}",8300
66,"2020-04-06","2020-04-06","fulfilled","{""name"":""Joker Haha""}","{""name"":""Hehe Smiley""}",,"{""departments"":[""bar""]}",6700
67,"2020-04-06","2020-04-06","fulfilled","{""name"":""Joker Haha""}","{""name"":""Hehe Smiley""}",,"{""departments"":[""bar""]}",5700
68,"2020-04-02","2020-04-02","fulfilled","{""name"":""Joker Haha""}","{""name"":""Hehe Smiley""}",,"{""departments"":[""kitchen"",""bar""]}",12150
69,"2020-04-02","2020-04-02","fulfilled","{""name"":""Joker Haha""}","{""name"":""Hehe Smiley""}",,"{""departments"":[""kitchen""]}",7000
70,"2020-02-06","2020-02-06","fulfilled","{""name"":""Joker Haha""}","{""name"":""Hehe Smiley""}",,"{""departments"":[""kitchen"",""bar""]}",15400
71,"2020-02-06","2020-02-06","fulfilled","{""name"":""Joker Haha""}","{""name"":""Hehe Smiley""}",,"{""departments"":[""kitchen""]}",8350
72,"2020-04-02","2020-04-02","fulfilled","{""name"":""Joker Haha""}","{""name"":""Hehe Smiley""}",,"{""departments"":[""kitchen"",""bar""]}",6100
73,"2020-02-06","2020-02-06","fulfilled","{""name"":""Joker Haha""}","{""name"":""Hehe Smiley""}",,"{""departments"":[""kitchen"",""bar""]}",11300
74,"2020-04-02","2020-04-02","fulfilled","{""name"":""Joker Haha""}","{""name"":""Hehe Smiley""}",,"{""departments"":[""bar""]}",8900
75,"2020-04-06","2020-04-06","fulfilled","{""name"":""Joker Haha""}","{""name"":""Hehe Smiley""}",,"{""departments"":[""kitchen""]}",9700
76,"2020-04-06","2020-04-06","fulfilled","{""name"":""Joker Haha""}","{""name"":""Hehe Smiley""}",,"{""departments"":[""kitchen"",""bar""]}",11900
77,"2020-04-02","2020-04-02","fulfilled","{""name"":""Joker Haha""}","{""name"":""Hehe Smiley""}",,"{""departments"":[""kitchen""]}",2000
78,"2020-04-02","2020-04-02","fulfilled","{""name"":""Joker Haha""}","{""name"":""Hehe Smiley""}",,"{""departments"":[""bar""]}",2100
79,"2020-03-07","2020-03-07","fulfilled","{""name"":""Joker Haha""}","{""name"":""Hehe Smiley""}",,"{""departments"":[""kitchen""]}",3000
80,"2020-04-06","2020-04-06","fulfilled","{""name"":""Joker Haha""}","{""name"":""Hehe Smiley""}",,"{""departments"":[""kitchen""]}",2000
81,"2020-02-06","2020-02-06","fulfilled","{""name"":""Joker Haha""}","{""name"":""Hehe Smiley""}",,"{""departments"":[""kitchen"",""bar""]}",7400
82,"2020-04-02","2020-04-02","fulfilled","{""name"":""Joker Haha""}","{""name"":""Hehe Smiley""}",,"{""departments"":[""kitchen"",""bar""]}",3400
83,"2020-02-06","2020-02-06","fulfilled","{""name"":""Joker Haha""}","{""name"":""Hehe Smiley""}",,"{""departments"":[""kitchen""]}",2000
84,"2020-03-07","2020-03-07","fulfilled","{""name"":""Joker Haha""}","{""name"":""Hehe Smiley""}",,"{""departments"":[""kitchen"",""bar""]}",14650
85,"2020-03-07","2020-03-07","fulfilled","{""name"":""Joker Haha""}","{""name"":""Hehe Smiley""}",,"{""departments"":[""kitchen""]}",2000
86,"2020-04-02","2020-04-02","fulfilled","{""name"":""Joker Haha""}","{""name"":""Hehe Smiley""}",,"{""departments"":[""kitchen""]}",3000
87,"2020-04-02","2020-04-02","fulfilled","{""name"":""Joker Haha""}","{""name"":""Hehe Smiley""}",,"{""departments"":[""bar""]}",6900
88,"2020-04-02","2020-04-02","fulfilled","{""name"":""Joker Haha""}","{""name"":""Hehe Smiley""}",,"{""departments"":[""kitchen"",""bar""]}",14900
89,"2020-04-02","2020-04-02","fulfilled","{""name"":""Joker Haha""}","{""name"":""Hehe Smiley""}",,"{""departments"":[""kitchen"",""bar""]}",11400
90,"2020-02-06","2020-02-06","fulfilled","{""name"":""Joker Haha""}","{""name"":""Hehe Smiley""}",,"{""departments"":[""bar""]}",5400
91,"2020-03-07","2020-03-07","fulfilled","{""name"":""Joker Haha""}","{""name"":""Hehe Smiley""}",,"{""departments"":[""kitchen"",""bar""]}",16550
92,"2020-03-07","2020-03-07","fulfilled","{""name"":""Joker Haha""}","{""name"":""Hehe Smiley""}",,"{""departments"":[""bar""]}",2100
93,"2020-03-07","2020-03-07","fulfilled","{""name"":""Joker Haha""}","{""name"":""Hehe Smiley""}",,"{""departments"":[""kitchen""]}",5000
94,"2020-03-07","2020-03-07","fulfilled","{""name"":""Joker Haha""}","{""name"":""Hehe Smiley""}",,"{""departments"":[""kitchen"",""bar""]}",5100
95,"2020-02-06","2020-02-06","fulfilled","{""name"":""Joker Haha""}","{""name"":""Hehe Smiley""}",,"{""departments"":[""kitchen"",""bar""]}",5100
96,"2020-04-02","2020-04-02","fulfilled","{""name"":""Joker Haha""}","{""name"":""Hehe Smiley""}",,"{""departments"":[""kitchen"",""bar""]}",6100
97,"2020-04-06","2020-04-06","fulfilled","{""name"":""Joker Haha""}","{""name"":""Hehe Smiley""}",,"{""departments"":[""kitchen"",""bar""]}",9500
98,"2020-04-06","2020-04-06","fulfilled","{""name"":""Joker Haha""}","{""name"":""Hehe Smiley""}",,"{""departments"":[""kitchen"",""bar""]}",3400
99,"2020-02-06","2020-02-06","fulfilled","{""name"":""Joker Haha""}","{""name"":""Hehe Smiley""}",,"{""departments"":[""kitchen"",""bar""]}",10100
100,"2020-02-06","2020-02-06","fulfilled","{""name"":""Joker Haha""}","{""name"":""Hehe Smiley""}",,"{""departments"":[""kitchen"",""bar""]}",5100
101,"2020-02-06","2020-02-06","fulfilled","{""name"":""Joker Haha""}","{""name"":""Hehe Smiley""}",,"{""departments"":[""kitchen""]}",5050
102,"2020-04-06","2020-04-06","fulfilled","{""name"":""Joker Haha""}","{""name"":""Hehe Smiley""}",,"{""departments"":[""bar""]}",3100
103,"2020-04-02","2020-04-02","fulfilled","{""name"":""Joker Haha""}","{""name"":""Hehe Smiley""}",,"{""departments"":[""kitchen""]}",9350
104,"2020-04-06","2020-04-06","fulfilled","{""name"":""Joker Haha""}","{""name"":""Hehe Smiley""}",,"{""departments"":[""kitchen"",""bar""]}",7300
105,"2020-03-07","2020-03-07","fulfilled","{""name"":""Joker Haha""}","{""name"":""Hehe Smiley""}",,"{""departments"":[""kitchen"",""bar""]}",6100
106,"2020-04-06","2020-04-06","fulfilled","{""name"":""Joker Haha""}","{""name"":""Hehe Smiley""}",,"{""departments"":[""kitchen"",""bar""]}",9100
107,"2020-04-02","2020-04-02","fulfilled","{""name"":""Joker Haha""}","{""name"":""Hehe Smiley""}",,"{""departments"":[""kitchen""]}",6350
108,"2020-04-06","2020-04-06","fulfilled","{""name"":""Joker Haha""}","{""name"":""Hehe Smiley""}",,"{""departments"":[""kitchen""]}",1000
109,"2020-04-06","2020-04-06","fulfilled","{""name"":""Joker Haha""}","{""name"":""Hehe Smiley""}",,"{""departments"":[""kitchen"",""bar""]}",5100
110,"2020-02-06","2020-02-06","fulfilled","{""name"":""Joker Haha""}","{""name"":""Hehe Smiley""}",,"{""departments"":[""kitchen"",""bar""]}",16450
111,"2020-02-06","2020-02-06","fulfilled","{""name"":""Joker Haha""}","{""name"":""Hehe Smiley""}",,"{""departments"":[""kitchen""]}",8350
112,"2020-03-07","2020-03-07","fulfilled","{""name"":""Joker Haha""}","{""name"":""Hehe Smiley""}",,"{""departments"":[""bar""]}",6600
113,"2020-02-06","2020-02-06","fulfilled","{""name"":""Joker Haha""}","{""name"":""Hehe Smiley""}",,"{""departments"":[""kitchen""]}",5000
114,"2020-04-06","2020-04-06","fulfilled","{""name"":""Joker Haha""}","{""name"":""Hehe Smiley""}",,"{""departments"":[""bar""]}",3100
115,"2020-02-06","2020-02-06","fulfilled","{""name"":""Joker Haha""}","{""name"":""Hehe Smiley""}",,"{""departments"":[""kitchen""]}",2000
116,"2020-04-02","2020-04-02","fulfilled","{""name"":""Joker Haha""}","{""name"":""Hehe Smiley""}",,"{""departments"":[""bar""]}",1900
117,"2020-03-07","2020-03-07","fulfilled","{""name"":""Joker Haha""}","{""name"":""Hehe Smiley""}",,"{""departments"":[""kitchen"",""bar""]}",9100
118,"2020-04-06","2020-04-06","fulfilled","{""name"":""Joker Haha""}","{""name"":""Hehe Smiley""}",,"{""departments"":[""kitchen""]}",5000
119,"2020-04-02","2020-04-02","fulfilled","{""name"":""Joker Haha""}","{""name"":""Hehe Smiley""}",,"{""departments"":[""bar""]}",1900
120,"2020-04-06","2020-04-06","fulfilled","{""name"":""Joker Haha""}","{""name"":""Hehe Smiley""}",,"{""departments"":[""kitchen"",""bar""]}",15350
121,"2020-04-06","2020-04-06","fulfilled","{""name"":""Joker Haha""}","{""name"":""Hehe Smiley""}",,"{""departments"":[""kitchen"",""bar""]}",13100
122,"2020-02-06","2020-02-06","fulfilled","{""name"":""Joker Haha""}","{""name"":""Hehe Smiley""}",,"{""departments"":[""kitchen"",""bar""]}",13500
123,"2020-02-06","2020-02-06","fulfilled","{""name"":""Joker Haha""}","{""name"":""Hehe Smiley""}",,"{""departments"":[""kitchen"",""bar""]}",14350
124,"2020-04-06","2020-04-06","fulfilled","{""name"":""Joker Haha""}","{""name"":""Hehe Smiley""}",,"{""departments"":[""bar""]}",8100
125,"2020-04-02","2020-04-02","fulfilled","{""name"":""Joker Haha""}","{""name"":""Hehe Smiley""}",,"{""departments"":[""kitchen"",""bar""]}",5600
126,"2020-02-06","2020-02-06","fulfilled","{""name"":""Joker Haha""}","{""name"":""Hehe Smiley""}",,"{""departments"":[""kitchen""]}",2000
127,"2020-04-02","2020-04-02","fulfilled","{""name"":""Joker Haha""}","{""name"":""Hehe Smiley""}",,"{""departments"":[""bar""]}",1400
128,"2020-04-06","2020-04-06","fulfilled","{""name"":""Joker Haha""}","{""name"":""Hehe Smiley""}",,"{""departments"":[""bar""]}",5900
129,"2020-04-02","2020-04-02","fulfilled","{""name"":""Joker Haha""}","{""name"":""Hehe Smiley""}",,"{""departments"":[""bar""]}",4300
130,"2020-04-06","2020-04-06","fulfilled","{""name"":""Joker Haha""}","{""name"":""Hehe Smiley""}",,"{""departments"":[""bar""]}",2600
131,"2020-02-06","2020-02-06","fulfilled","{""name"":""Joker Haha""}","{""name"":""Hehe Smiley""}",,"{""departments"":[""kitchen"",""bar""]}",1700
132,"2020-03-07","2020-03-07","fulfilled","{""name"":""Joker Haha""}","{""name"":""Hehe Smiley""}",,"{""departments"":[""kitchen""]}",6000
133,"2020-04-06","2020-04-06","fulfilled","{""name"":""Joker Haha""}","{""name"":""Hehe Smiley""}",,"{""departments"":[""bar""]}",700
134,"2020-04-02","2020-04-02","fulfilled","{""name"":""Joker Haha""}","{""name"":""Hehe Smiley""}",,"{""departments"":[""kitchen"",""bar""]}",16950
135,"2020-03-07","2020-03-07","fulfilled","{""name"":""Joker Haha""}","{""name"":""Hehe Smiley""}",,"{""departments"":[""kitchen""]}",1000
136,"2020-03-07","2020-03-07","fulfilled","{""name"":""Joker Haha""}","{""name"":""Hehe Smiley""}",,"{""departments"":[""bar""]}",4500
137,"2020-02-06","2020-02-06","fulfilled","{""name"":""Joker Haha""}","{""name"":""Hehe Smiley""}",,"{""departments"":[""kitchen"",""bar""]}",13200
138,"2020-04-02","2020-04-02","fulfilled","{""name"":""Joker Haha""}","{""name"":""Hehe Smiley""}",,"{""departments"":[""kitchen""]}",3000
139,"2020-04-06","2020-04-06","fulfilled","{""name"":""Joker Haha""}","{""name"":""Hehe Smiley""}",,"{""departments"":[""bar""]}",7700
140,"2020-04-06","2020-04-06","fulfilled","{""name"":""Joker Haha""}","{""name"":""Hehe Smiley""}",,"{""departments"":[""bar""]}",4600
141,"2020-04-02","2020-04-02","fulfilled","{""name"":""Joker Haha""}","{""name"":""Hehe Smiley""}",,"{""departments"":[""kitchen"",""bar""]}",7400
142,"2020-04-02","2020-04-02","fulfilled","{""name"":""Joker Haha""}","{""name"":""Hehe Smiley""}",,"{""departments"":[""kitchen""]}",6050
143,"2020-04-02","2020-04-02","fulfilled","{""name"":""Joker Haha""}","{""name"":""Hehe Smiley""}",,"{""departments"":[""kitchen""]}",7000
144,"2020-02-06","2020-02-06","fulfilled","{""name"":""Joker Haha""}","{""name"":""Hehe Smiley""}",,"{""departments"":[""bar""]}",5000
145,"2020-02-06","2020-02-06","fulfilled","{""name"":""Joker Haha""}","{""name"":""Hehe Smiley""}",,"{""departments"":[""kitchen"",""bar""]}",18750
146,"2020-02-06","2020-02-06","fulfilled","{""name"":""Joker Haha""}","{""name"":""Hehe Smiley""}",,"{""departments"":[""kitchen"",""bar""]}",12400
147,"2020-03-07","2020-03-07","fulfilled","{""name"":""Joker Haha""}","{""name"":""Hehe Smiley""}",,"{""departments"":[""kitchen""]}",3000
148,"2020-04-06","2020-04-06","fulfilled","{""name"":""Joker Haha""}","{""name"":""Hehe Smiley""}",,"{""departments"":[""kitchen""]}",6000
149,"2020-02-06","2020-02-06","fulfilled","{""name"":""Joker Haha""}","{""name"":""Hehe Smiley""}",,"{""departments"":[""kitchen""]}",5350
150,"2020-03-07","2020-03-07","fulfilled","{""name"":""Joker Haha""}","{""name"":""Hehe Smiley""}",,"{""departments"":[""kitchen""]}",2000
151,"2020-02-06","2020-02-06","fulfilled","{""name"":""Joker Haha""}","{""name"":""Hehe Smiley""}",,"{""departments"":[""bar""]}",3800
152,"2020-04-06","2020-04-06","fulfilled","{""name"":""Joker Haha""}","{""name"":""Hehe Smiley""}",,"{""departments"":[""kitchen""]}",3000
153,"2020-04-06","2020-04-06","fulfilled","{""name"":""Joker Haha""}","{""name"":""Hehe Smiley""}",,"{""departments"":[""bar""]}",4300
154,"2020-02-06","2020-02-06","fulfilled","{""name"":""Joker Haha""}","{""name"":""Hehe Smiley""}",,"{""departments"":[""kitchen"",""bar""]}",3400
155,"2020-04-02","2020-04-02","fulfilled","{""name"":""Joker Haha""}","{""name"":""Hehe Smiley""}",,"{""departments"":[""bar""]}",4100
156,"2020-03-07","2020-03-07","fulfilled","{""name"":""Joker Haha""}","{""name"":""Hehe Smiley""}",,"{""departments"":[""bar""]}",700
157,"2020-03-07","2020-03-07","fulfilled","{""name"":""Joker Haha""}","{""name"":""Hehe Smiley""}",,"{""departments"":[""kitchen"",""bar""]}",7800
158,"2020-04-06","2020-04-06","fulfilled","{""name"":""Joker Haha""}","{""name"":""Hehe Smiley""}",,"{""departments"":[""bar""]}",5000
159,"2020-02-06","2020-02-06","fulfilled","{""name"":""Joker Haha""}","{""name"":""Hehe Smiley""}",,"{""departments"":[""kitchen"",""bar""]}",5100
160,"2020-02-06","2020-02-06","fulfilled","{""name"":""Joker Haha""}","{""name"":""Hehe Smiley""}",,"{""departments"":[""kitchen"",""bar""]}",7800
161,"2020-04-02","2020-04-02","fulfilled","{""name"":""Joker Haha""}","{""name"":""Hehe Smiley""}",,"{""departments"":[""kitchen""]}",5000
162,"2020-04-02","2020-04-02","fulfilled","{""name"":""Joker Haha""}","{""name"":""Hehe Smiley""}",,"{""departments"":[""kitchen"",""bar""]}",7800
163,"2020-04-06","2020-04-06","fulfilled","{""name"":""Joker Haha""}","{""name"":""Hehe Smiley""}",,"{""departments"":[""kitchen"",""bar""]}",10000
164,"2020-04-06","2020-04-06","fulfilled","{""name"":""Joker Haha""}","{""name"":""Hehe Smiley""}",,"{""departments"":[""kitchen"",""bar""]}",14900
165,"2020-02-06","2020-02-06","fulfilled","{""name"":""Joker Haha""}","{""name"":""Hehe Smiley""}",,"{""departments"":[""bar""]}",3300
166,"2020-03-07","2020-03-07","fulfilled","{""name"":""Joker Haha""}","{""name"":""Hehe Smiley""}",,"{""departments"":[""kitchen"",""bar""]}",5100
167,"2020-03-07","2020-03-07","fulfilled","{""name"":""Joker Haha""}","{""name"":""Hehe Smiley""}",,"{""departments"":[""kitchen"",""bar""]}",15800
168,"2020-02-06","2020-02-06","fulfilled","{""name"":""Joker Haha""}","{""name"":""Hehe Smiley""}",,"{""departments"":[""kitchen""]}",6050
169,"2020-04-06","2020-04-06","fulfilled","{""name"":""Joker Haha""}","{""name"":""Hehe Smiley""}",,"{""departments"":[""kitchen"",""bar""]}",12050
170,"2020-02-06","2020-02-06","fulfilled","{""name"":""Joker Haha""}","{""name"":""Hehe Smiley""}",,"{""departments"":[""kitchen"",""bar""]}",14900
171,"2020-04-06","2020-04-06","fulfilled","{""name"":""Joker Haha""}","{""name"":""Hehe Smiley""}",,"{""departments"":[""bar""]}",6900
172,"2020-04-06","2020-04-06","fulfilled","{""name"":""Joker Haha""}","{""name"":""Hehe Smiley""}",,"{""departments"":[""kitchen""]}",6000
173,"2020-03-07","2020-03-07","fulfilled","{""name"":""Joker Haha""}","{""name"":""Hehe Smiley""}",,"{""departments"":[""bar""]}",5700
174,"2020-04-02","2020-04-02","fulfilled","{""name"":""Joker Haha""}","{""name"":""Hehe Smiley""}",,"{""departments"":[""kitchen"",""bar""]}",10000
175,"2020-04-02","2020-04-02","fulfilled","{""name"":""Joker Haha""}","{""name"":""Hehe Smiley""}",,"{""departments"":[""kitchen""]}",1000
176,"2020-04-06","2020-04-06","fulfilled","{""name"":""Joker Haha""}","{""name"":""Hehe Smiley""}",,"{""departments"":[""kitchen""]}",1000
177,"2020-04-02","2020-04-02","fulfilled","{""name"":""Joker Haha""}","{""name"":""Hehe Smiley""}",,"{""departments"":[""kitchen"",""bar""]}",1700
178,"2020-04-06","2020-04-06","fulfilled","{""name"":""Joker Haha""}","{""name"":""Hehe Smiley""}",,"{""departments"":[""kitchen""]}",2000
179,"2020-04-02","2020-04-02","fulfilled","{""name"":""Joker Haha""}","{""name"":""Hehe Smiley""}",,"{""departments"":[""bar""]}",5300
180,"2020-03-07","2020-03-07","fulfilled","{""name"":""Joker Haha""}","{""name"":""Hehe Smiley""}",,"{""departments"":[""kitchen"",""bar""]}",3900
181,"2020-04-02","2020-04-02","fulfilled","{""name"":""Joker Haha""}","{""name"":""Hehe Smiley""}",,"{""departments"":[""kitchen""]}",1000
182,"2020-03-07","2020-03-07","fulfilled","{""name"":""Joker Haha""}","{""name"":""Hehe Smiley""}",,"{""departments"":[""bar""]}",3300
183,"2020-04-06","2020-04-06","fulfilled","{""name"":""Joker Haha""}","{""name"":""Hehe Smiley""}",,"{""departments"":[""bar""]}",5000
184,"2020-02-06","2020-02-06","fulfilled","{""name"":""Joker Haha""}","{""name"":""Hehe Smiley""}",,"{""departments"":[""kitchen"",""bar""]}",11900
185,"2020-02-06","2020-02-06","fulfilled","{""name"":""Joker Haha""}","{""name"":""Hehe Smiley""}",,"{""departments"":[""kitchen"",""bar""]}",8300
186,"2020-03-07","2020-03-07","fulfilled","{""name"":""Joker Haha""}","{""name"":""Hehe Smiley""}",,"{""departments"":[""kitchen"",""bar""]}",14250
187,"2020-04-06","2020-04-06","fulfilled","{""name"":""Joker Haha""}","{""name"":""Hehe Smiley""}",,"{""departments"":[""bar""]}",1400
188,"2020-04-02","2020-04-02","fulfilled","{""name"":""Joker Haha""}","{""name"":""Hehe Smiley""}",,"{""departments"":[""bar""]}",3800
189,"2020-02-06","2020-02-06","fulfilled","{""name"":""Joker Haha""}","{""name"":""Hehe Smiley""}",,"{""departments"":[""kitchen"",""bar""]}",5100
190,"2020-02-06","2020-02-06","fulfilled","{""name"":""Joker Haha""}","{""name"":""Hehe Smiley""}",,"{""departments"":[""bar""]}",5900
191,"2020-04-06","2020-04-06","fulfilled","{""name"":""Joker Haha""}","{""name"":""Hehe Smiley""}",,"{""departments"":[""bar""]}",4900
192,"2020-02-06","2020-02-06","fulfilled","{""name"":""Joker Haha""}","{""name"":""Hehe Smiley""}",,"{""departments"":[""kitchen"",""bar""]}",10350
193,"2020-03-07","2020-03-07","fulfilled","{""name"":""Joker Haha""}","{""name"":""Hehe Smiley""}",,"{""departments"":[""kitchen"",""bar""]}",11400
194,"2020-03-07","2020-03-07","fulfilled","{""name"":""Joker Haha""}","{""name"":""Hehe Smiley""}",,"{""departments"":[""kitchen""]}",3000
195,"2020-04-02","2020-04-02","fulfilled","{""name"":""Joker Haha""}","{""name"":""Hehe Smiley""}",,"{""departments"":[""bar""]}",5100
196,"2020-02-06","2020-02-06","fulfilled","{""name"":""Joker Haha""}","{""name"":""Hehe Smiley""}",,"{""departments"":[""bar""]}",1400
197,"2020-02-06","2020-02-06","fulfilled","{""name"":""Joker Haha""}","{""name"":""Hehe Smiley""}",,"{""departments"":[""kitchen"",""bar""]}",13500
198,"2020-02-06","2020-02-06","fulfilled","{""name"":""Joker Haha""}","{""name"":""Hehe Smiley""}",,"{""departments"":[""kitchen""]}",3000
199,"2020-04-02","2020-04-02","fulfilled","{""name"":""Joker Haha""}","{""name"":""Hehe Smiley""}",,"{""departments"":[""kitchen""]}",5000
200,"2020-02-06","2020-02-06","fulfilled","{""name"":""Joker Haha""}","{""name"":""Hehe Smiley""}",,"{""departments"":[""kitchen"",""bar""]}",11800
201,"2020-04-02","2020-04-02","fulfilled","{""name"":""Joker Haha""}","{""name"":""Hehe Smiley""}",,"{""departments"":[""bar""]}",3500
202,"2020-04-02","2020-04-02","fulfilled","{""name"":""Joker Haha""}","{""name"":""Hehe Smiley""}",,"{""departments"":[""bar""]}",8900
203,"2020-04-02","2020-04-02","fulfilled","{""name"":""Joker Haha""}","{""name"":""Hehe Smiley""}",,"{""departments"":[""kitchen""]}",1000
204,"2020-02-06","2020-02-06","fulfilled","{""name"":""Joker Haha""}","{""name"":""Hehe Smiley""}",,"{""departments"":[""kitchen"",""bar""]}",14100
205,"2020-04-06","2020-04-06","fulfilled","{""name"":""Joker Haha""}","{""name"":""Hehe Smiley""}",,"{""departments"":[""kitchen""]}",3000
206,"2020-04-02","2020-04-02","fulfilled","{""name"":""Joker Haha""}","{""name"":""Hehe Smiley""}",,"{""departments"":[""kitchen"",""bar""]}",6850
207,"2020-04-02","2020-04-02","fulfilled","{""name"":""Joker Haha""}","{""name"":""Hehe Smiley""}",,"{""departments"":[""kitchen"",""bar""]}",7300
208,"2020-03-07","2020-03-07","fulfilled","{""name"":""Joker Haha""}","{""name"":""Hehe Smiley""}",,"{""departments"":[""bar""]}",5700
209,"2020-02-06","2020-02-06","fulfilled","{""name"":""Joker Haha""}","{""name"":""Hehe Smiley""}",,"{""departments"":[""bar""]}",3300
210,"2020-02-06","2020-02-06","fulfilled","{""name"":""Joker Haha""}","{""name"":""Hehe Smiley""}",,"{""departments"":[""bar""]}",5000
211,"2020-03-07","2020-03-07","fulfilled","{""name"":""Joker Haha""}","{""name"":""Hehe Smiley""}",,"{""departments"":[""bar""]}",4700
212,"2020-02-06","2020-02-06","fulfilled","{""name"":""Joker Haha""}","{""name"":""Hehe Smiley""}",,"{""departments"":[""kitchen"",""bar""]}",3400
213,"2020-04-02","2020-04-02","fulfilled","{""name"":""Joker Haha""}","{""name"":""Hehe Smiley""}",,"{""departments"":[""kitchen"",""bar""]}",12150
214,"2020-03-07","2020-03-07","fulfilled","{""name"":""Joker Haha""}","{""name"":""Hehe Smiley""}",,"{""departments"":[""kitchen""]}",8700
215,"2020-04-02","2020-04-02","fulfilled","{""name"":""Joker Haha""}","{""name"":""Hehe Smiley""}",,"{""departments"":[""kitchen"",""bar""]}",3900
216,"2020-03-07","2020-03-07","fulfilled","{""name"":""Joker Haha""}","{""name"":""Hehe Smiley""}",,"{""departments"":[""kitchen""]}",4000
217,"2020-04-02","2020-04-02","fulfilled","{""name"":""Joker Haha""}","{""name"":""Hehe Smiley""}",,"{""departments"":[""bar""]}",5700
218,"2020-04-06","2020-04-06","fulfilled","{""name"":""Joker Haha""}","{""name"":""Hehe Smiley""}",,"{""departments"":[""bar""]}",3100
219,"2020-02-06","2020-02-06","fulfilled","{""name"":""Joker Haha""}","{""name"":""Hehe Smiley""}",,"{""departments"":[""kitchen"",""bar""]}",3400
220,"2020-04-06","2020-04-06","fulfilled","{""name"":""Joker Haha""}","{""name"":""Hehe Smiley""}",,"{""departments"":[""kitchen""]}",3000
221,"2020-02-06","2020-02-06","fulfilled","{""name"":""Joker Haha""}","{""name"":""Hehe Smiley""}",,"{""departments"":[""bar""]}",2100
222,"2020-03-07","2020-03-07","fulfilled","{""name"":""Joker Haha""}","{""name"":""Hehe Smiley""}",,"{""departments"":[""bar""]}",6500
223,"2020-03-07","2020-03-07","fulfilled","{""name"":""Joker Haha""}","{""name"":""Hehe Smiley""}",,"{""departments"":[""kitchen"",""bar""]}",17100
224,"2020-03-07","2020-03-07","fulfilled","{""name"":""Joker Haha""}","{""name"":""Hehe Smiley""}",,"{""departments"":[""bar""]}",4300
225,"2020-02-06","2020-02-06","fulfilled","{""name"":""Joker Haha""}","{""name"":""Hehe Smiley""}",,"{""departments"":[""bar""]}",7300
226,"2020-03-07","2020-03-07","fulfilled","{""name"":""Joker Haha""}","{""name"":""Hehe Smiley""}",,"{""departments"":[""bar""]}",4100
227,"2020-03-07","2020-03-07","fulfilled","{""name"":""Joker Haha""}","{""name"":""Hehe Smiley""}",,"{""departments"":[""kitchen""]}",8000
228,"2020-02-06","2020-02-06","fulfilled","{""name"":""Joker Haha""}","{""name"":""Hehe Smiley""}",,"{""departments"":[""bar""]}",700
229,"2020-04-06","2020-04-06","fulfilled","{""name"":""Joker Haha""}","{""name"":""Hehe Smiley""}",,"{""departments"":[""kitchen"",""bar""]}",3400
230,"2020-02-06","2020-02-06","fulfilled","{""name"":""Joker Haha""}","{""name"":""Hehe Smiley""}",,"{""departments"":[""bar""]}",5700
231,"2020-04-06","2020-04-06","fulfilled","{""name"":""Joker Haha""}","{""name"":""Hehe Smiley""}",,"{""departments"":[""bar""]}",4700
232,"2020-04-02","2020-04-02","fulfilled","{""name"":""Joker Haha""}","{""name"":""Hehe Smiley""}",,"{""departments"":[""kitchen""]}",5000
233,"2020-04-06","2020-04-06","fulfilled","{""name"":""Joker Haha""}","{""name"":""Hehe Smiley""}",,"{""departments"":[""bar""]}",7500
234,"2020-03-07","2020-03-07","fulfilled","{""name"":""Joker Haha""}","{""name"":""Hehe Smiley""}",,"{""departments"":[""kitchen""]}",3350
235,"2020-03-07","2020-03-07","fulfilled","{""name"":""Joker Haha""}","{""name"":""Hehe Smiley""}",,"{""departments"":[""bar""]}",6900
236,"2020-03-07","2020-03-07","fulfilled","{""name"":""Joker Haha""}","{""name"":""Hehe Smiley""}",,"{""departments"":[""kitchen""]}",3000
237,"2020-04-06","2020-04-06","fulfilled","{""name"":""Joker Haha""}","{""name"":""Hehe Smiley""}",,"{""departments"":[""kitchen"",""bar""]}",10000
238,"2020-02-06","2020-02-06","fulfilled","{""name"":""Joker Haha""}","{""name"":""Hehe Smiley""}",,"{""departments"":[""kitchen""]}",3000
239,"2020-03-07","2020-03-07","fulfilled","{""name"":""Joker Haha""}","{""name"":""Hehe Smiley""}",,"{""departments"":[""kitchen"",""bar""]}",5100
240,"2020-02-06","2020-02-06","fulfilled","{""name"":""Joker Haha""}","{""name"":""Hehe Smiley""}",,"{""departments"":[""kitchen""]}",2000
241,"2020-02-06","2020-02-06","fulfilled","{""name"":""Joker Haha""}","{""name"":""Hehe Smiley""}",,"{""departments"":[""kitchen""]}",9000
242,"2020-02-06","2020-02-06","fulfilled","{""name"":""Joker Haha""}","{""name"":""Hehe Smiley""}",,"{""departments"":[""bar""]}",4700
243,"2020-04-02","2020-04-02","fulfilled","{""name"":""Joker Haha""}","{""name"":""Hehe Smiley""}",,"{""departments"":[""kitchen""]}",4000
244,"2020-04-02","2020-04-02","fulfilled","{""name"":""Joker Haha""}","{""name"":""Hehe Smiley""}",,"{""departments"":[""kitchen""]}",5000
245,"2020-02-06","2020-02-06","fulfilled","{""name"":""Joker Haha""}","{""name"":""Hehe Smiley""}",,"{""departments"":[""kitchen""]}",4000
246,"2020-02-06","2020-02-06","fulfilled","{""name"":""Joker Haha""}","{""name"":""Hehe Smiley""}",,"{""departments"":[""bar""]}",7700
247,"2020-03-07","2020-03-07","fulfilled","{""name"":""Joker Haha""}","{""name"":""Hehe Smiley""}",,"{""departments"":[""kitchen"",""bar""]}",7500
248,"2020-04-02","2020-04-02","fulfilled","{""name"":""Joker Haha""}","{""name"":""Hehe Smiley""}",,"{""departments"":[""bar""]}",6700
249,"2020-03-07","2020-03-07","fulfilled","{""name"":""Joker Haha""}","{""name"":""Hehe Smiley""}",,"{""departments"":[""kitchen""]}",6700
250,"2020-04-06","2020-04-06","fulfilled","{""name"":""Joker Haha""}","{""name"":""Hehe Smiley""}",,"{""departments"":[""kitchen""]}",1000
251,"2020-03-07","2020-03-07","fulfilled","{""name"":""Joker Haha""}","{""name"":""Hehe Smiley""}",,"{""departments"":[""kitchen"",""bar""]}",5100
252,"2020-04-06","2020-04-06","fulfilled","{""name"":""Joker Haha""}","{""name"":""Hehe Smiley""}",,"{""departments"":[""kitchen""]}",4000
253,"2020-03-07","2020-03-07","fulfilled","{""name"":""Joker Haha""}","{""name"":""Hehe Smiley""}",,"{""departments"":[""kitchen"",""bar""]}",7500
254,"2020-02-06","2020-02-06","fulfilled","{""name"":""Joker Haha""}","{""name"":""Hehe Smiley""}",,"{""departments"":[""kitchen""]}",7700
255,"2020-04-06","2020-04-06","fulfilled","{""name"":""Joker Haha""}","{""name"":""Hehe Smiley""}",,"{""departments"":[""kitchen""]}",2000
256,"2020-04-06","2020-04-06","fulfilled","{""name"":""Joker Haha""}","{""name"":""Hehe Smiley""}",,"{""departments"":[""kitchen""]}",3000
257,"2020-02-06","2020-02-06","fulfilled","{""name"":""Joker Haha""}","{""name"":""Hehe Smiley""}",,"{""departments"":[""kitchen""]}",6050
258,"2020-03-07","2020-03-07","fulfilled","{""name"":""Joker Haha""}","{""name"":""Hehe Smiley""}",,"{""departments"":[""kitchen"",""bar""]}",5600
259,"2020-02-06","2020-02-06","fulfilled","{""name"":""Joker Haha""}","{""name"":""Hehe Smiley""}",,"{""departments"":[""kitchen"",""bar""]}",1700
260,"2020-02-06","2020-02-06","fulfilled","{""name"":""Joker Haha""}","{""name"":""Hehe Smiley""}",,"{""departments"":[""bar""]}",6600
261,"2020-04-06","2020-04-06","fulfilled","{""name"":""Joker Haha""}","{""name"":""Hehe Smiley""}",,"{""departments"":[""bar""]}",7700
262,"2020-02-06","2020-02-06","fulfilled","{""name"":""Joker Haha""}","{""name"":""Hehe Smiley""}",,"{""departments"":[""kitchen""]}",5000
263,"2020-02-06","2020-02-06","fulfilled","{""name"":""Joker Haha""}","{""name"":""Hehe Smiley""}",,"{""departments"":[""kitchen"",""bar""]}",3900
264,"2020-04-02","2020-04-02","fulfilled","{""name"":""Joker Haha""}","{""name"":""Hehe Smiley""}",,"{""departments"":[""kitchen""]}",6000
265,"2020-04-06","2020-04-06","fulfilled","{""name"":""Joker Haha""}","{""name"":""Hehe Smiley""}",,"{""departments"":[""kitchen""]}",3000
266,"2020-03-07","2020-03-07","fulfilled","{""name"":""Joker Haha""}","{""name"":""Hehe Smiley""}",,"{""departments"":[""kitchen""]}",3000
267,"2020-04-06","2020-04-06","fulfilled","{""name"":""Joker Haha""}","{""name"":""Hehe Smiley""}",,"{""departments"":[""kitchen""]}",1000
268,"2020-04-02","2020-04-02","fulfilled","{""name"":""Joker Haha""}","{""name"":""Hehe Smiley""}",,"{""departments"":[""kitchen""]}",8700
269,"2020-04-06","2020-04-06","fulfilled","{""name"":""Joker Haha""}","{""name"":""Hehe Smiley""}",,"{""departments"":[""kitchen"",""bar""]}",5100
270,"2020-04-02","2020-04-02","fulfilled","{""name"":""Joker Haha""}","{""name"":""Hehe Smiley""}",,"{""departments"":[""kitchen"",""bar""]}",14750
271,"2020-03-07","2020-03-07","fulfilled","{""name"":""Joker Haha""}","{""name"":""Hehe Smiley""}",,"{""departments"":[""kitchen"",""bar""]}",17600
272,"2020-02-06","2020-02-06","fulfilled","{""name"":""Joker Haha""}","{""name"":""Hehe Smiley""}",,"{""departments"":[""kitchen""]}",5000
273,"2020-02-06","2020-02-06","fulfilled","{""name"":""Joker Haha""}","{""name"":""Hehe Smiley""}",,"{""departments"":[""kitchen""]}",7350
274,"2020-02-06","2020-02-06","fulfilled","{""name"":""Joker Haha""}","{""name"":""Hehe Smiley""}",,"{""departments"":[""kitchen""]}",7000
275,"2020-04-06","2020-04-06","fulfilled","{""name"":""Joker Haha""}","{""name"":""Hehe Smiley""}",,"{""departments"":[""kitchen"",""bar""]}",15300
276,"2020-04-06","2020-04-06","fulfilled","{""name"":""Joker Haha""}","{""name"":""Hehe Smiley""}",,"{""departments"":[""bar""]}",6600
277,"2020-03-07","2020-03-07","fulfilled","{""name"":""Joker Haha""}","{""name"":""Hehe Smiley""}",,"{""departments"":[""kitchen"",""bar""]}",13600
278,"2020-02-06","2020-02-06","fulfilled","{""name"":""Joker Haha""}","{""name"":""Hehe Smiley""}",,"{""departments"":[""kitchen"",""bar""]}",10850
279,"2020-03-07","2020-03-07","fulfilled","{""name"":""Joker Haha""}","{""name"":""Hehe Smiley""}",,"{""departments"":[""kitchen"",""bar""]}",8000
280,"2020-04-02","2020-04-02","fulfilled","{""name"":""Joker Haha""}","{""name"":""Hehe Smiley""}",,"{""departments"":[""kitchen"",""bar""]}",1700
281,"2020-02-06","2020-02-06","fulfilled","{""name"":""Joker Haha""}","{""name"":""Hehe Smiley""}",,"{""departments"":[""bar""]}",5700
282,"2020-03-07","2020-03-07","fulfilled","{""name"":""Joker Haha""}","{""name"":""Hehe Smiley""}",,"{""departments"":[""kitchen"",""bar""]}",9700
283,"2020-04-02","2020-04-02","fulfilled","{""name"":""Joker Haha""}","{""name"":""Hehe Smiley""}",,"{""departments"":[""bar""]}",4300
284,"2020-04-06","2020-04-06","fulfilled","{""name"":""Joker Haha""}","{""name"":""Hehe Smiley""}",,"{""departments"":[""bar""]}",5700
285,"2020-04-06","2020-04-06","fulfilled","{""name"":""Joker Haha""}","{""name"":""Hehe Smiley""}",,"{""departments"":[""kitchen""]}",2000
286,"2020-02-06","2020-02-06","fulfilled","{""name"":""Joker Haha""}","{""name"":""Hehe Smiley""}",,"{""departments"":[""kitchen"",""bar""]}",1700
287,"2020-04-02","2020-04-02","fulfilled","{""name"":""Joker Haha""}","{""name"":""Hehe Smiley""}",,"{""departments"":[""kitchen"",""bar""]}",9500
288,"2020-04-06","2020-04-06","fulfilled","{""name"":""Joker Haha""}","{""name"":""Hehe Smiley""}",,"{""departments"":[""kitchen"",""bar""]}",1700
289,"2020-03-07","2020-03-07","fulfilled","{""name"":""Joker Haha""}","{""name"":""Hehe Smiley""}",,"{""departments"":[""kitchen"",""bar""]}",8300
290,"2020-02-06","2020-02-06","fulfilled","{""name"":""Joker Haha""}","{""name"":""Hehe Smiley""}",,"{""departments"":[""kitchen"",""bar""]}",3400
291,"2020-04-06","2020-04-06","fulfilled","{""name"":""Joker Haha""}","{""name"":""Hehe Smiley""}",,"{""departments"":[""kitchen"",""bar""]}",5600
292,"2020-03-07","2020-03-07","fulfilled","{""name"":""Joker Haha""}","{""name"":""Hehe Smiley""}",,"{""departments"":[""kitchen"",""bar""]}",1700
293,"2020-02-06","2020-02-06","fulfilled","{""name"":""Joker Haha""}","{""name"":""Hehe Smiley""}",,"{""departments"":[""kitchen""]}",5000
294,"2020-04-06","2020-04-06","fulfilled","{""name"":""Joker Haha""}","{""name"":""Hehe Smiley""}",,"{""departments"":[""kitchen""]}",6000
295,"2020-03-07","2020-03-07","fulfilled","{""name"":""Joker Haha""}","{""name"":""Hehe Smiley""}",,"{""departments"":[""bar""]}",5700
296,"2020-04-02","2020-04-02","fulfilled","{""name"":""Joker Haha""}","{""name"":""Hehe Smiley""}",,"{""departments"":[""kitchen"",""bar""]}",12050
297,"2020-02-06","2020-02-06","fulfilled","{""name"":""Joker Haha""}","{""name"":""Hehe Smiley""}",,"{""departments"":[""bar""]}",5700
298,"2020-02-06","2020-02-06","fulfilled","{""name"":""Joker Haha""}","{""name"":""Hehe Smiley""}",,"{""departments"":[""kitchen""]}",6000
299,"2020-04-06","2020-04-06","fulfilled","{""name"":""Joker Haha""}","{""name"":""Hehe Smiley""}",,"{""departments"":[""bar""]}",3800
300,"2020-04-02","2020-04-02","fulfilled","{""name"":""Joker Haha""}","{""name"":""Hehe Smiley""}",,"{""departments"":[""kitchen""]}",6700
301,"2020-02-06","2020-02-06","fulfilled","{""name"":""Joker Haha""}","{""name"":""Hehe Smiley""}",,"{""departments"":[""kitchen"",""bar""]}",9300
302,"2020-04-06","2020-04-06","fulfilled","{""name"":""Joker Haha""}","{""name"":""Hehe Smiley""}",,"{""departments"":[""kitchen""]}",3000
303,"2020-03-07","2020-03-07","fulfilled","{""name"":""Joker Haha""}","{""name"":""Hehe Smiley""}",,"{""departments"":[""kitchen""]}",1000
304,"2020-03-07","2020-03-07","fulfilled","{""name"":""Joker Haha""}","{""name"":""Hehe Smiley""}",,"{""departments"":[""bar""]}",7400
305,"2020-02-06","2020-02-06","fulfilled","{""name"":""Joker Haha""}","{""name"":""Hehe Smiley""}",,"{""departments"":[""kitchen"",""bar""]}",16050
306,"2020-02-06","2020-02-06","fulfilled","{""name"":""Joker Haha""}","{""name"":""Hehe Smiley""}",,"{""departments"":[""bar""]}",5000
307,"2020-04-06","2020-04-06","fulfilled","{""name"":""Joker Haha""}","{""name"":""Hehe Smiley""}",,"{""departments"":[""kitchen""]}",3000
308,"2020-03-07","2020-03-07","fulfilled","{""name"":""Joker Haha""}","{""name"":""Hehe Smiley""}",,"{""departments"":[""bar""]}",6500
309,"2020-03-07","2020-03-07","fulfilled","{""name"":""Joker Haha""}","{""name"":""Hehe Smiley""}",,"{""departments"":[""kitchen"",""bar""]}",5100
310,"2020-04-06","2020-04-06","fulfilled","{""name"":""Joker Haha""}","{""name"":""Hehe Smiley""}",,"{""departments"":[""kitchen"",""bar""]}",5600
311,"2020-04-06","2020-04-06","fulfilled","{""name"":""Joker Haha""}","{""name"":""Hehe Smiley""}",,"{""departments"":[""bar""]}",10500
312,"2020-03-07","2020-03-07","fulfilled","{""name"":""Joker Haha""}","{""name"":""Hehe Smiley""}",,"{""departments"":[""bar""]}",1400
313,"2020-02-06","2020-02-06","fulfilled","{""name"":""Joker Haha""}","{""name"":""Hehe Smiley""}",,"{""departments"":[""kitchen""]}",3000
314,"2020-04-02","2020-04-02","fulfilled","{""name"":""Joker Haha""}","{""name"":""Hehe Smiley""}",,"{""departments"":[""kitchen"",""bar""]}",5600
315,"2020-04-06","2020-04-06","fulfilled","{""name"":""Joker Haha""}","{""name"":""Hehe Smiley""}",,"{""departments"":[""bar""]}",3900
316,"2020-04-02","2020-04-02","fulfilled","{""name"":""Joker Haha""}","{""name"":""Hehe Smiley""}",,"{""departments"":[""kitchen"",""bar""]}",12650
317,"2020-03-07","2020-03-07","fulfilled","{""name"":""Joker Haha""}","{""name"":""Hehe Smiley""}",,"{""departments"":[""bar""]}",5700
318,"2020-04-06","2020-04-06","fulfilled","{""name"":""Joker Haha""}","{""name"":""Hehe Smiley""}",,"{""departments"":[""kitchen""]}",4000
319,"2020-04-06","2020-04-06","fulfilled","{""name"":""Joker Haha""}","{""name"":""Hehe Smiley""}",,"{""departments"":[""bar""]}",5700
320,"2020-02-06","2020-02-06","fulfilled","{""name"":""Joker Haha""}","{""name"":""Hehe Smiley""}",,"{""departments"":[""bar""]}",3300
321,"2020-03-07","2020-03-07","fulfilled","{""name"":""Joker Haha""}","{""name"":""Hehe Smiley""}",,"{""departments"":[""kitchen"",""bar""]}",17200
322,"2020-03-07","2020-03-07","fulfilled","{""name"":""Joker Haha""}","{""name"":""Hehe Smiley""}",,"{""departments"":[""kitchen"",""bar""]}",5100
323,"2020-04-06","2020-04-06","fulfilled","{""name"":""Joker Haha""}","{""name"":""Hehe Smiley""}",,"{""departments"":[""kitchen""]}",2000
324,"2020-04-02","2020-04-02","fulfilled","{""name"":""Joker Haha""}","{""name"":""Hehe Smiley""}",,"{""departments"":[""kitchen"",""bar""]}",5700
325,"2020-04-06","2020-04-06","fulfilled","{""name"":""Joker Haha""}","{""name"":""Hehe Smiley""}",,"{""departments"":[""bar""]}",7800
326,"2020-02-06","2020-02-06","fulfilled","{""name"":""Joker Haha""}","{""name"":""Hehe Smiley""}",,"{""departments"":[""kitchen""]}",8000
327,"2020-03-07","2020-03-07","fulfilled","{""name"":""Joker Haha""}","{""name"":""Hehe Smiley""}",,"{""departments"":[""kitchen"",""bar""]}",11000
328,"2020-02-06","2020-02-06","fulfilled","{""name"":""Joker Haha""}","{""name"":""Hehe Smiley""}",,"{""departments"":[""kitchen""]}",2000
329,"2020-03-07","2020-03-07","fulfilled","{""name"":""Joker Haha""}","{""name"":""Hehe Smiley""}",,"{""departments"":[""kitchen""]}",8050
330,"2020-04-06","2020-04-06","fulfilled","{""name"":""Joker Haha""}","{""name"":""Hehe Smiley""}",,"{""departments"":[""kitchen""]}",5000
331,"2020-02-06","2020-02-06","fulfilled","{""name"":""Joker Haha""}","{""name"":""Hehe Smiley""}",,"{""departments"":[""kitchen""]}",7350
332,"2020-03-07","2020-03-07","fulfilled","{""name"":""Joker Haha""}","{""name"":""Hehe Smiley""}",,"{""departments"":[""kitchen""]}",5000
333,"2020-04-06","2020-04-06","fulfilled","{""name"":""Joker Haha""}","{""name"":""Hehe Smiley""}",,"{""departments"":[""kitchen"",""bar""]}",7800
334,"2020-04-02","2020-04-02","fulfilled","{""name"":""Joker Haha""}","{""name"":""Hehe Smiley""}",,"{""departments"":[""kitchen"",""bar""]}",5100
335,"2020-04-02","2020-04-02","fulfilled","{""name"":""Joker Haha""}","{""name"":""Hehe Smiley""}",,"{""departments"":[""kitchen""]}",7000
336,"2020-02-06","2020-02-06","fulfilled","{""name"":""Joker Haha""}","{""name"":""Hehe Smiley""}",,"{""departments"":[""kitchen""]}",3000
337,"2020-03-07","2020-03-07","fulfilled","{""name"":""Joker Haha""}","{""name"":""Hehe Smiley""}",,"{""departments"":[""bar""]}",7300
338,"2020-04-02","2020-04-02","fulfilled","{""name"":""Joker Haha""}","{""name"":""Hehe Smiley""}",,"{""departments"":[""bar""]}",4200
339,"2020-02-06","2020-02-06","fulfilled","{""name"":""Joker Haha""}","{""name"":""Hehe Smiley""}",,"{""departments"":[""bar""]}",4200
340,"2020-04-06","2020-04-06","fulfilled","{""name"":""Joker Haha""}","{""name"":""Hehe Smiley""}",,"{""departments"":[""bar""]}",2100
341,"2020-04-06","2020-04-06","fulfilled","{""name"":""Joker Haha""}","{""name"":""Hehe Smiley""}",,"{""departments"":[""kitchen"",""bar""]}",6100
342,"2020-03-07","2020-03-07","fulfilled","{""name"":""Joker Haha""}","{""name"":""Hehe Smiley""}",,"{""departments"":[""bar""]}",8900
343,"2020-02-06","2020-02-06","fulfilled","{""name"":""Joker Haha""}","{""name"":""Hehe Smiley""}",,"{""departments"":[""bar""]}",5900
344,"2020-02-06","2020-02-06","fulfilled","{""name"":""Joker Haha""}","{""name"":""Hehe Smiley""}",,"{""departments"":[""kitchen"",""bar""]}",3400
345,"2020-04-02","2020-04-02","fulfilled","{""name"":""Joker Haha""}","{""name"":""Hehe Smiley""}",,"{""departments"":[""kitchen"",""bar""]}",10000
346,"2020-02-06","2020-02-06","fulfilled","{""name"":""Joker Haha""}","{""name"":""Hehe Smiley""}",,"{""departments"":[""bar""]}",2600
347,"2020-04-02","2020-04-02","fulfilled","{""name"":""Joker Haha""}","{""name"":""Hehe Smiley""}",,"{""departments"":[""kitchen""]}",2000
348,"2020-03-07","2020-03-07","fulfilled","{""name"":""Joker Haha""}","{""name"":""Hehe Smiley""}",,"{""departments"":[""kitchen""]}",6000
349,"2020-04-06","2020-04-06","fulfilled","{""name"":""Joker Haha""}","{""name"":""Hehe Smiley""}",,"{""departments"":[""kitchen""]}",5000
350,"2020-02-06","2020-02-06","fulfilled","{""name"":""Joker Haha""}","{""name"":""Hehe Smiley""}",,"{""departments"":[""kitchen""]}",3000
351,"2020-04-06","2020-04-06","fulfilled","{""name"":""Joker Haha""}","{""name"":""Hehe Smiley""}",,"{""departments"":[""kitchen"",""bar""]}",5100
352,"2020-04-06","2020-04-06","fulfilled","{""name"":""Joker Haha""}","{""name"":""Hehe Smiley""}",,"{""departments"":[""kitchen""]}",6000
353,"2020-02-06","2020-02-06","fulfilled","{""name"":""Joker Haha""}","{""name"":""Hehe Smiley""}",,"{""departments"":[""kitchen"",""bar""]}",9100
354,"2020-04-02","2020-04-02","fulfilled","{""name"":""Joker Haha""}","{""name"":""Hehe Smiley""}",,"{""departments"":[""bar""]}",3800
355,"2020-02-06","2020-02-06","fulfilled","{""name"":""Joker Haha""}","{""name"":""Hehe Smiley""}",,"{""departments"":[""kitchen""]}",7350
356,"2020-03-07","2020-03-07","fulfilled","{""name"":""Joker Haha""}","{""name"":""Hehe Smiley""}",,"{""departments"":[""bar""]}",1400
357,"2020-02-06","2020-02-06","fulfilled","{""name"":""Joker Haha""}","{""name"":""Hehe Smiley""}",,"{""departments"":[""kitchen""]}",3000
358,"2020-04-06","2020-04-06","fulfilled","{""name"":""Joker Haha""}","{""name"":""Hehe Smiley""}",,"{""departments"":[""bar""]}",5000
359,"2020-02-06","2020-02-06","fulfilled","{""name"":""Joker Haha""}","{""name"":""Hehe Smiley""}",,"{""departments"":[""kitchen""]}",6000
360,"2020-04-02","2020-04-02","fulfilled","{""name"":""Joker Haha""}","{""name"":""Hehe Smiley""}",,"{""departments"":[""kitchen"",""bar""]}",12750
361,"2020-03-07","2020-03-07","fulfilled","{""name"":""Joker Haha""}","{""name"":""Hehe Smiley""}",,"{""departments"":[""bar""]}",7700
362,"2020-04-02","2020-04-02","fulfilled","{""name"":""Joker Haha""}","{""name"":""Hehe Smiley""}",,"{""departments"":[""bar""]}",4900
363,"2020-03-07","2020-03-07","fulfilled","{""name"":""Joker Haha""}","{""name"":""Hehe Smiley""}",,"{""departments"":[""bar""]}",7400
364,"2020-03-07","2020-03-07","fulfilled","{""name"":""Joker Haha""}","{""name"":""Hehe Smiley""}",,"{""departments"":[""kitchen""]}",6000
365,"2020-04-06","2020-04-06","fulfilled","{""name"":""Joker Haha""}","{""name"":""Hehe Smiley""}",,"{""departments"":[""bar""]}",5900
366,"2020-04-06","2020-04-06","fulfilled","{""name"":""Joker Haha""}","{""name"":""Hehe Smiley""}",,"{""departments"":[""kitchen"",""bar""]}",5100
367,"2020-04-06","2020-04-06","fulfilled","{""name"":""Joker Haha""}","{""name"":""Hehe Smiley""}",,"{""departments"":[""kitchen""]}",3000
368,"2020-04-02","2020-04-02","fulfilled","{""name"":""Joker Haha""}","{""name"":""Hehe Smiley""}",,"{""departments"":[""bar""]}",2700
369,"2020-03-07","2020-03-07","fulfilled","{""name"":""Joker Haha""}","{""name"":""Hehe Smiley""}",,"{""departments"":[""bar""]}",5000
370,"2020-02-06","2020-02-06","fulfilled","{""name"":""Joker Haha""}","{""name"":""Hehe Smiley""}",,"{""departments"":[""bar""]}",4300
371,"2020-04-02","2020-04-02","fulfilled","{""name"":""Joker Haha""}","{""name"":""Hehe Smiley""}",,"{""departments"":[""bar""]}",8900
372,"2020-02-06","2020-02-06","fulfilled","{""name"":""Joker Haha""}","{""name"":""Hehe Smiley""}",,"{""departments"":[""kitchen""]}",3350
373,"2020-02-06","2020-02-06","fulfilled","{""name"":""Joker Haha""}","{""name"":""Hehe Smiley""}",,"{""departments"":[""kitchen""]}",1000
374,"2020-04-06","2020-04-06","fulfilled","{""name"":""Joker Haha""}","{""name"":""Hehe Smiley""}",,"{""departments"":[""bar""]}",6500
375,"2020-02-06","2020-02-06","fulfilled","{""name"":""Joker Haha""}","{""name"":""Hehe Smiley""}",,"{""departments"":[""bar""]}",1400
376,"2020-04-02","2020-04-02","fulfilled","{""name"":""Joker Haha""}","{""name"":""Hehe Smiley""}",,"{""departments"":[""kitchen"",""bar""]}",1700
377,"2020-02-06","2020-02-06","fulfilled","{""name"":""Joker Haha""}","{""name"":""Hehe Smiley""}",,"{""departments"":[""bar""]}",5700
378,"2020-04-06","2020-04-06","fulfilled","{""name"":""Joker Haha""}","{""name"":""Hehe Smiley""}",,"{""departments"":[""bar""]}",5000
379,"2020-03-07","2020-03-07","fulfilled","{""name"":""Joker Haha""}","{""name"":""Hehe Smiley""}",,"{""departments"":[""kitchen""]}",5000
380,"2020-03-07","2020-03-07","fulfilled","{""name"":""Joker Haha""}","{""name"":""Hehe Smiley""}",,"{""departments"":[""bar""]}",2700
381,"2020-02-06","2020-02-06","fulfilled","{""name"":""Joker Haha""}","{""name"":""Hehe Smiley""}",,"{""departments"":[""kitchen""]}",6000
382,"2020-03-07","2020-03-07","fulfilled","{""name"":""Joker Haha""}","{""name"":""Hehe Smiley""}",,"{""departments"":[""bar""]}",4200
383,"2020-02-06","2020-02-06","fulfilled","{""name"":""Joker Haha""}","{""name"":""Hehe Smiley""}",,"{""departments"":[""bar""]}",5500
384,"2020-02-06","2020-02-06","fulfilled","{""name"":""Joker Haha""}","{""name"":""Hehe Smiley""}",,"{""departments"":[""kitchen"",""bar""]}",7900
385,"2020-04-06","2020-04-06","fulfilled","{""name"":""Joker Haha""}","{""name"":""Hehe Smiley""}",,"{""departments"":[""bar""]}",4200
386,"2020-04-06","2020-04-06","fulfilled","{""name"":""Joker Haha""}","{""name"":""Hehe Smiley""}",,"{""departments"":[""bar""]}",6900
387,"2020-03-07","2020-03-07","fulfilled","{""name"":""Joker Haha""}","{""name"":""Hehe Smiley""}",,"{""departments"":[""bar""]}",700
388,"2020-04-06","2020-04-06","fulfilled","{""name"":""Joker Haha""}","{""name"":""Hehe Smiley""}",,"{""departments"":[""bar""]}",6500
389,"2020-04-02","2020-04-02","fulfilled","{""name"":""Joker Haha""}","{""name"":""Hehe Smiley""}",,"{""departments"":[""kitchen"",""bar""]}",7800
390,"2020-04-02","2020-04-02","fulfilled","{""name"":""Joker Haha""}","{""name"":""Hehe Smiley""}",,"{""departments"":[""kitchen"",""bar""]}",7300
391,"2020-04-06","2020-04-06","fulfilled","{""name"":""Joker Haha""}","{""name"":""Hehe Smiley""}",,"{""departments"":[""bar""]}",6700
392,"2020-02-06","2020-02-06","fulfilled","{""name"":""Joker Haha""}","{""name"":""Hehe Smiley""}",,"{""departments"":[""kitchen"",""bar""]}",13100
393,"2020-02-06","2020-02-06","fulfilled","{""name"":""Joker Haha""}","{""name"":""Hehe Smiley""}",,"{""departments"":[""kitchen""]}",5000
394,"2020-03-07","2020-03-07","fulfilled","{""name"":""Joker Haha""}","{""name"":""Hehe Smiley""}",,"{""departments"":[""kitchen""]}",5000
395,"2020-04-02","2020-04-02","fulfilled","{""name"":""Joker Haha""}","{""name"":""Hehe Smiley""}",,"{""departments"":[""kitchen""]}",4000
396,"2020-04-06","2020-04-06","fulfilled","{""name"":""Joker Haha""}","{""name"":""Hehe Smiley""}",,"{""departments"":[""kitchen"",""bar""]}",5100
397,"2020-04-02","2020-04-02","fulfilled","{""name"":""Joker Haha""}","{""name"":""Hehe Smiley""}",,"{""departments"":[""kitchen""]}",5700
398,"2020-03-07","2020-03-07","fulfilled","{""name"":""Joker Haha""}","{""name"":""Hehe Smiley""}",,"{""departments"":[""kitchen"",""bar""]}",1700
399,"2020-03-07","2020-03-07","fulfilled","{""name"":""Joker Haha""}","{""name"":""Hehe Smiley""}",,"{""departments"":[""kitchen"",""bar""]}",9500
400,"2020-02-06","2020-02-06","fulfilled","{""name"":""Joker Haha""}","{""name"":""Hehe Smiley""}",,"{""departments"":[""kitchen""]}",4000
401,"2020-02-06","2020-02-06","fulfilled","{""name"":""Joker Haha""}","{""name"":""Hehe Smiley""}",,"{""departments"":[""bar""]}",5000
402,"2020-04-02","2020-04-02","fulfilled","{""name"":""Joker Haha""}","{""name"":""Hehe Smiley""}",,"{""departments"":[""bar""]}",5700
403,"2020-04-02","2020-04-02","fulfilled","{""name"":""Joker Haha""}","{""name"":""Hehe Smiley""}",,"{""departments"":[""kitchen""]}",6000
404,"2020-02-06","2020-02-06","fulfilled","{""name"":""Joker Haha""}","{""name"":""Hehe Smiley""}",,"{""departments"":[""kitchen""]}",4000
405,"2020-04-02","2020-04-02","fulfilled","{""name"":""Joker Haha""}","{""name"":""Hehe Smiley""}",,"{""departments"":[""kitchen""]}",7000
406,"2020-04-06","2020-04-06","fulfilled","{""name"":""Joker Haha""}","{""name"":""Hehe Smiley""}",,"{""departments"":[""bar""]}",5000
407,"2020-04-02","2020-04-02","fulfilled","{""name"":""Joker Haha""}","{""name"":""Hehe Smiley""}",,"{""departments"":[""bar""]}",5000
408,"2020-04-06","2020-04-06","fulfilled","{""name"":""Joker Haha""}","{""name"":""Hehe Smiley""}",,"{""departments"":[""kitchen"",""bar""]}",14900
409,"2020-04-06","2020-04-06","fulfilled","{""name"":""Joker Haha""}","{""name"":""Hehe Smiley""}",,"{""departments"":[""kitchen""]}",6350
410,"2020-04-06","2020-04-06","fulfilled","{""name"":""Joker Haha""}","{""name"":""Hehe Smiley""}",,"{""departments"":[""kitchen""]}",4000
411,"2020-04-06","2020-04-06","fulfilled","{""name"":""Joker Haha""}","{""name"":""Hehe Smiley""}",,"{""departments"":[""kitchen""]}",1000
412,"2020-04-06","2020-04-06","fulfilled","{""name"":""Joker Haha""}","{""name"":""Hehe Smiley""}",,"{""departments"":[""kitchen"",""bar""]}",9500
413,"2020-04-06","2020-04-06","fulfilled","{""name"":""Joker Haha""}","{""name"":""Hehe Smiley""}",,"{""departments"":[""bar""]}",6900
414,"2020-04-02","2020-04-02","fulfilled","{""name"":""Joker Haha""}","{""name"":""Hehe Smiley""}",,"{""departments"":[""kitchen""]}",1000
415,"2020-03-07","2020-03-07","fulfilled","{""name"":""Joker Haha""}","{""name"":""Hehe Smiley""}",,"{""departments"":[""bar""]}",2100
416,"2020-03-07","2020-03-07","fulfilled","{""name"":""Joker Haha""}","{""name"":""Hehe Smiley""}",,"{""departments"":[""bar""]}",2100
417,"2020-02-06","2020-02-06","fulfilled","{""name"":""Joker Haha""}","{""name"":""Hehe Smiley""}",,"{""departments"":[""bar""]}",7900
418,"2020-03-07","2020-03-07","fulfilled","{""name"":""Joker Haha""}","{""name"":""Hehe Smiley""}",,"{""departments"":[""kitchen"",""bar""]}",5100
419,"2020-03-07","2020-03-07","fulfilled","{""name"":""Joker Haha""}","{""name"":""Hehe Smiley""}",,"{""departments"":[""kitchen""]}",9000
420,"2020-03-07","2020-03-07","fulfilled","{""name"":""Joker Haha""}","{""name"":""Hehe Smiley""}",,"{""departments"":[""kitchen"",""bar""]}",13600
421,"2020-04-02","2020-04-02","fulfilled","{""name"":""Joker Haha""}","{""name"":""Hehe Smiley""}",,"{""departments"":[""kitchen""]}",3000
422,"2020-03-07","2020-03-07","fulfilled","{""name"":""Joker Haha""}","{""name"":""Hehe Smiley""}",,"{""departments"":[""bar""]}",4600
423,"2020-03-07","2020-03-07","fulfilled","{""name"":""Joker Haha""}","{""name"":""Hehe Smiley""}",,"{""departments"":[""kitchen""]}",7700
424,"2020-04-06","2020-04-06","fulfilled","{""name"":""Joker Haha""}","{""name"":""Hehe Smiley""}",,"{""departments"":[""kitchen""]}",1000
425,"2020-04-06","2020-04-06","fulfilled","{""name"":""Joker Haha""}","{""name"":""Hehe Smiley""}",,"{""departments"":[""kitchen""]}",4000
426,"2020-04-02","2020-04-02","fulfilled","{""name"":""Joker Haha""}","{""name"":""Hehe Smiley""}",,"{""departments"":[""bar""]}",6700
427,"2020-03-07","2020-03-07","fulfilled","{""name"":""Joker Haha""}","{""name"":""Hehe Smiley""}",,"{""departments"":[""kitchen""]}",5000
428,"2020-04-02","2020-04-02","fulfilled","{""name"":""Joker Haha""}","{""name"":""Hehe Smiley""}",,"{""departments"":[""kitchen""]}",3000
429,"2020-04-06","2020-04-06","fulfilled","{""name"":""Joker Haha""}","{""name"":""Hehe Smiley""}",,"{""departments"":[""bar""]}",1400
430,"2020-03-07","2020-03-07","fulfilled","{""name"":""Joker Haha""}","{""name"":""Hehe Smiley""}",,"{""departments"":[""kitchen""]}",4000
431,"2020-04-06","2020-04-06","fulfilled","{""name"":""Joker Haha""}","{""name"":""Hehe Smiley""}",,"{""departments"":[""kitchen""]}",3000
432,"2020-02-06","2020-02-06","fulfilled","{""name"":""Joker Haha""}","{""name"":""Hehe Smiley""}",,"{""departments"":[""kitchen""]}",6350
433,"2020-02-06","2020-02-06","fulfilled","{""name"":""Joker Haha""}","{""name"":""Hehe Smiley""}",,"{""departments"":[""kitchen"",""bar""]}",7900
434,"2020-04-06","2020-04-06","fulfilled","{""name"":""Joker Haha""}","{""name"":""Hehe Smiley""}",,"{""departments"":[""kitchen""]}",3000
435,"2020-04-06","2020-04-06","fulfilled","{""name"":""Joker Haha""}","{""name"":""Hehe Smiley""}",,"{""departments"":[""bar""]}",5700
436,"2020-04-06","2020-04-06","fulfilled","{""name"":""Joker Haha""}","{""name"":""Hehe Smiley""}",,"{""departments"":[""bar""]}",1400
437,"2020-02-06","2020-02-06","fulfilled","{""name"":""Joker Haha""}","{""name"":""Hehe Smiley""}",,"{""departments"":[""bar""]}",2100
438,"2020-04-06","2020-04-06","fulfilled","{""name"":""Joker Haha""}","{""name"":""Hehe Smiley""}",,"{""departments"":[""kitchen"",""bar""]}",5600
439,"2020-04-02","2020-04-02","fulfilled","{""name"":""Joker Haha""}","{""name"":""Hehe Smiley""}",,"{""departments"":[""bar""]}",700
440,"2020-03-07","2020-03-07","fulfilled","{""name"":""Joker Haha""}","{""name"":""Hehe Smiley""}",,"{""departments"":[""kitchen""]}",7050
441,"2020-03-07","2020-03-07","fulfilled","{""name"":""Joker Haha""}","{""name"":""Hehe Smiley""}",,"{""departments"":[""kitchen"",""bar""]}",11400
442,"2020-03-07","2020-03-07","fulfilled","{""name"":""Joker Haha""}","{""name"":""Hehe Smiley""}",,"{""departments"":[""bar""]}",8100
443,"2020-02-06","2020-02-06","fulfilled","{""name"":""Joker Haha""}","{""name"":""Hehe Smiley""}",,"{""departments"":[""kitchen"",""bar""]}",14750
444,"2020-04-06","2020-04-06","fulfilled","{""name"":""Joker Haha""}","{""name"":""Hehe Smiley""}",,"{""departments"":[""kitchen""]}",7050
445,"2020-04-02","2020-04-02","fulfilled","{""name"":""Joker Haha""}","{""name"":""Hehe Smiley""}",,"{""departments"":[""kitchen""]}",6000
446,"2020-02-06","2020-02-06","fulfilled","{""name"":""Joker Haha""}","{""name"":""Hehe Smiley""}",,"{""departments"":[""bar""]}",3300
447,"2020-02-06","2020-02-06","fulfilled","{""name"":""Joker Haha""}","{""name"":""Hehe Smiley""}",,"{""departments"":[""kitchen""]}",8000
448,"2020-02-06","2020-02-06","fulfilled","{""name"":""Joker Haha""}","{""name"":""Hehe Smiley""}",,"{""departments"":[""bar""]}",2600
449,"2020-03-07","2020-03-07","fulfilled","{""name"":""Joker Haha""}","{""name"":""Hehe Smiley""}",,"{""departments"":[""kitchen""]}",4000
450,"2020-02-06","2020-02-06","fulfilled","{""name"":""Joker Haha""}","{""name"":""Hehe Smiley""}",,"{""departments"":[""kitchen""]}",1000
451,"2020-04-04","2020-04-04","pending","{""name"":""Joker Haha""}","{""name"":""Hehe Smiley""}",,"{""departments"":[""kitchen""]}",3000
452,"2020-04-04","2020-04-04","pending","{""name"":""Joker Haha""}","{""name"":""Hehe Smiley""}",,"{""departments"":[""bar""]}",2100
453,"2020-04-06","2020-04-06","pending","{""name"":""Joker Haha""}","{""name"":""Hehe Smiley""}",,"{""departments"":[""kitchen"",""bar""]}",3400
454,"2020-04-06","2020-04-06","pending","{""name"":""Joker Haha""}","{""name"":""Hehe Smiley""}",,"{""departments"":[""kitchen"",""bar""]}",11800
455,"2020-04-04","2020-04-04","pending","{""name"":""Joker Haha""}","{""name"":""Hehe Smiley""}",,"{""departments"":[""kitchen""]}",9350
456,"2020-04-05","2020-04-05","pending","{""name"":""Joker Haha""}","{""name"":""Hehe Smiley""}",,"{""departments"":[""bar""]}",4600
457,"2020-04-05","2020-04-05","pending","{""name"":""Joker Haha""}","{""name"":""Hehe Smiley""}",,"{""departments"":[""bar""]}",4500
458,"2020-04-05","2020-04-05","pending","{""name"":""Joker Haha""}","{""name"":""Hehe Smiley""}",,"{""departments"":[""bar""]}",5700
459,"2020-04-06","2020-04-06","pending","{""name"":""Joker Haha""}","{""name"":""Hehe Smiley""}",,"{""departments"":[""bar""]}",8900
460,"2020-04-05","2020-04-05","pending","{""name"":""Joker Haha""}","{""name"":""Hehe Smiley""}",,"{""departments"":[""kitchen""]}",1000
461,"2020-04-04","2020-04-04","pending","{""name"":""Joker Haha""}","{""name"":""Hehe Smiley""}",,"{""departments"":[""bar""]}",6900
462,"2020-04-04","2020-04-04","pending","{""name"":""Joker Haha""}","{""name"":""Hehe Smiley""}",,"{""departments"":[""bar""]}",3300
463,"2020-04-04","2020-04-04","pending","{""name"":""Joker Haha""}","{""name"":""Hehe Smiley""}",,"{""departments"":[""kitchen""]}",4000
464,"2020-04-04","2020-04-04","pending","{""name"":""Joker Haha""}","{""name"":""Hehe Smiley""}",,"{""departments"":[""kitchen""]}",7050
465,"2020-04-05","2020-04-05","pending","{""name"":""Joker Haha""}","{""name"":""Hehe Smiley""}",,"{""departments"":[""kitchen"",""bar""]}",7800
466,"2020-04-05","2020-04-05","pending","{""name"":""Joker Haha""}","{""name"":""Hehe Smiley""}",,"{""departments"":[""kitchen"",""bar""]}",6100
467,"2020-04-04","2020-04-04","pending","{""name"":""Joker Haha""}","{""name"":""Hehe Smiley""}",,"{""departments"":[""kitchen"",""bar""]}",11000
468,"2020-04-04","2020-04-04","pending","{""name"":""Joker Haha""}","{""name"":""Hehe Smiley""}",,"{""departments"":[""kitchen"",""bar""]}",7500
469,"2020-04-04","2020-04-04","pending","{""name"":""Joker Haha""}","{""name"":""Hehe Smiley""}",,"{""departments"":[""kitchen"",""bar""]}",7800
470,"2020-04-06","2020-04-06","pending","{""name"":""Joker Haha""}","{""name"":""Hehe Smiley""}",,"{""departments"":[""bar""]}",8100